"wsg","species","habitat_type","unit","link_value","ref_value","diff_pct","taxonomy_id","class","mechanism","status","refs"
"ADMS","BT","spawning","km",360.42,361.71,-0.4,,"WITHIN_TOLERANCE",,"CLOSED",
"ADMS","BT","rearing","km",526.17,674.19,-22,,"UNEXPLAINED",,"NEEDS_INVESTIGATION",
"ADMS","BT","lake_rearing","ha",14259.74,14290.48,-0.2,,"WITHIN_TOLERANCE",,"CLOSED",
"ADMS","BT","wetland_rearing","ha",922.72,919.98,0.3,,"WITHIN_TOLERANCE",,"CLOSED",
"ADMS","BT","rearing_stream","km",375.03,368.1,1.9,,"WITHIN_TOLERANCE",,"CLOSED",
"ADMS","BT","rearing_lake_centerline","km",0,0,,,"NOT_APPLICABLE",,,
"ADMS","BT","rearing_wetland_centerline","km",0,0,,,"NOT_APPLICABLE",,,
"ADMS","CH","spawning","km",277.53,277.61,0,,"WITHIN_TOLERANCE",,"CLOSED",
"ADMS","CH","rearing","km",351.69,308.23,14.1,,"UNEXPLAINED",,"NEEDS_INVESTIGATION",
"ADMS","CH","lake_rearing","ha",13936.94,0,,,"NOT_APPLICABLE",,,
"ADMS","CH","wetland_rearing","ha",812,0,,,"NOT_APPLICABLE",,,
"ADMS","CH","rearing_stream","km",201.44,158.94,26.7,,"UNEXPLAINED",,"NEEDS_INVESTIGATION",
"ADMS","CH","rearing_lake_centerline","km",0,0,,,"NOT_APPLICABLE",,,
"ADMS","CH","rearing_wetland_centerline","km",0,0,,,"NOT_APPLICABLE",,,
"ADMS","CO","spawning","km",312.7,310.98,0.6,,"WITHIN_TOLERANCE",,"CLOSED",
"ADMS","CO","rearing","km",361.26,351.19,2.9,,"UNEXPLAINED",,"NEEDS_INVESTIGATION",
"ADMS","CO","lake_rearing","ha",14105.71,0,,,"NOT_APPLICABLE",,,
"ADMS","CO","wetland_rearing","ha",816.71,861.56,-5.2,,"UNEXPLAINED",,"NEEDS_INVESTIGATION",
"ADMS","CO","rearing_stream","km",211,201.9,4.5,,"UNEXPLAINED",,"NEEDS_INVESTIGATION",
"ADMS","CO","rearing_lake_centerline","km",0,0,,,"NOT_APPLICABLE",,,
"ADMS","CO","rearing_wetland_centerline","km",0,0,,,"NOT_APPLICABLE",,,
"ADMS","RB","spawning","km",305.04,,,,"NOT_APPLICABLE",,,
"ADMS","RB","rearing","km",436.93,,,,"NOT_APPLICABLE",,,
"ADMS","RB","lake_rearing","ha",14128.54,,,,"NOT_APPLICABLE",,,
"ADMS","RB","wetland_rearing","ha",834.85,,,,"NOT_APPLICABLE",,,
"ADMS","RB","rearing_stream","km",302.36,,,,"NOT_APPLICABLE",,,
"ADMS","RB","rearing_lake_centerline","km",0,,,,"NOT_APPLICABLE",,,
"ADMS","RB","rearing_wetland_centerline","km",0,,,,"NOT_APPLICABLE",,,
"ADMS","SK","spawning","km",217.68,85.7,154,,"UNEXPLAINED",,"NEEDS_INVESTIGATION",
"ADMS","SK","rearing","km",229.85,229.85,0,,"WITHIN_TOLERANCE",,"CLOSED",
"ADMS","SK","lake_rearing","ha",13820.05,13820.05,0,,"WITHIN_TOLERANCE",,"CLOSED",
"ADMS","SK","wetland_rearing","ha",0,0,,,"NOT_APPLICABLE",,,
"ADMS","SK","rearing_stream","km",0,0,,,"NOT_APPLICABLE",,,
"ADMS","SK","rearing_lake_centerline","km",0,0,,,"NOT_APPLICABLE",,,
"ADMS","SK","rearing_wetland_centerline","km",0,0,,,"NOT_APPLICABLE",,,
"BULK","BT","spawning","km",1852.11,1847.96,0.2,,"WITHIN_TOLERANCE",,"CLOSED",
"BULK","BT","rearing","km",3012.93,3062.85,-1.6,,"WITHIN_TOLERANCE",,"CLOSED",
"BULK","BT","lake_rearing","ha",4130.27,4739.73,-12.9,,"UNEXPLAINED",,"NEEDS_INVESTIGATION",
"BULK","BT","wetland_rearing","ha",5912.74,5836.06,1.3,,"WITHIN_TOLERANCE",,"CLOSED",
"BULK","BT","rearing_stream","km",2561.49,2486.74,3,,"UNEXPLAINED",,"NEEDS_INVESTIGATION",
"BULK","BT","rearing_lake_centerline","km",0,0,,,"NOT_APPLICABLE",,,
"BULK","BT","rearing_wetland_centerline","km",0,0,,,"NOT_APPLICABLE",,,
"BULK","CH","spawning","km",1264.07,1252.85,0.9,,"WITHIN_TOLERANCE",,"CLOSED",
"BULK","CH","rearing","km",2038.35,1739.82,17.2,,"UNEXPLAINED",,"NEEDS_INVESTIGATION",
"BULK","CH","lake_rearing","ha",2871.94,0,,,"NOT_APPLICABLE",,,
"BULK","CH","wetland_rearing","ha",5546.32,0,,,"NOT_APPLICABLE",,,
"BULK","CH","rearing_stream","km",1588.2,1291.36,23,,"UNEXPLAINED",,"NEEDS_INVESTIGATION",
"BULK","CH","rearing_lake_centerline","km",0,0,,,"NOT_APPLICABLE",,,
"BULK","CH","rearing_wetland_centerline","km",0,0,,,"NOT_APPLICABLE",,,
"BULK","CO","spawning","km",1813.56,1768.26,2.6,,"UNEXPLAINED",,"NEEDS_INVESTIGATION",
"BULK","CO","rearing","km",2295.83,2221.93,3.3,,"UNEXPLAINED",,"NEEDS_INVESTIGATION",
"BULK","CO","lake_rearing","ha",4213.19,0,,,"NOT_APPLICABLE",,,
"BULK","CO","wetland_rearing","ha",5567,6203.32,-10.3,,"UNEXPLAINED",,"NEEDS_INVESTIGATION",
"BULK","CO","rearing_stream","km",1845.67,1773.28,4.1,,"UNEXPLAINED",,"NEEDS_INVESTIGATION",
"BULK","CO","rearing_lake_centerline","km",0,0,,,"NOT_APPLICABLE",,,
"BULK","CO","rearing_wetland_centerline","km",0,0,,,"NOT_APPLICABLE",,,
"BULK","PK","spawning","km",1864.04,1849.99,0.8,,"WITHIN_TOLERANCE",,"CLOSED",
"BULK","PK","rearing","km",0,0,,,"NOT_APPLICABLE",,,
"BULK","PK","lake_rearing","ha",0,,,,"NOT_APPLICABLE",,,
"BULK","PK","wetland_rearing","ha",0,,,,"NOT_APPLICABLE",,,
"BULK","PK","rearing_stream","km",0,0,,,"NOT_APPLICABLE",,,
"BULK","PK","rearing_lake_centerline","km",0,0,,,"NOT_APPLICABLE",,,
"BULK","PK","rearing_wetland_centerline","km",0,0,,,"NOT_APPLICABLE",,,
"BULK","RB","spawning","km",1817.63,,,,"NOT_APPLICABLE",,,
"BULK","RB","rearing","km",2999.02,,,,"NOT_APPLICABLE",,,
"BULK","RB","lake_rearing","ha",4119.16,,,,"NOT_APPLICABLE",,,
"BULK","RB","wetland_rearing","ha",5748.55,,,,"NOT_APPLICABLE",,,
"BULK","RB","rearing_stream","km",2547.76,,,,"NOT_APPLICABLE",,,
"BULK","RB","rearing_lake_centerline","km",0,,,,"NOT_APPLICABLE",,,
"BULK","RB","rearing_wetland_centerline","km",0,,,,"NOT_APPLICABLE",,,
"BULK","SK","spawning","km",81.35,24.38,233.7,,"UNEXPLAINED",,"NEEDS_INVESTIGATION",
"BULK","SK","rearing","km",64.56,64.56,0,,"WITHIN_TOLERANCE",,"CLOSED",
"BULK","SK","lake_rearing","ha",2098.76,2098.76,0,,"WITHIN_TOLERANCE",,"CLOSED",
"BULK","SK","wetland_rearing","ha",0,0,,,"NOT_APPLICABLE",,,
"BULK","SK","rearing_stream","km",0,0,,,"NOT_APPLICABLE",,,
"BULK","SK","rearing_lake_centerline","km",0,0,,,"NOT_APPLICABLE",,,
"BULK","SK","rearing_wetland_centerline","km",0,0,,,"NOT_APPLICABLE",,,
"BULK","ST","spawning","km",1295.53,1279.87,1.2,,"WITHIN_TOLERANCE",,"CLOSED",
"BULK","ST","rearing","km",2553.6,2247.54,13.6,,"UNEXPLAINED",,"NEEDS_INVESTIGATION",
"BULK","ST","lake_rearing","ha",3548.97,0,,,"NOT_APPLICABLE",,,
"BULK","ST","wetland_rearing","ha",5814.03,2966.26,96,,"UNEXPLAINED",,"NEEDS_INVESTIGATION",
"BULK","ST","rearing_stream","km",2102.33,1797.83,16.9,,"UNEXPLAINED",,"NEEDS_INVESTIGATION",
"BULK","ST","rearing_lake_centerline","km",0,0,,,"NOT_APPLICABLE",,,
"BULK","ST","rearing_wetland_centerline","km",0,0,,,"NOT_APPLICABLE",,,
"CARP","BT","spawning","km",1763.95,489.5,260.4,,"UNEXPLAINED",,"NEEDS_INVESTIGATION",
"CARP","BT","rearing","km",3894.4,1085.42,258.8,,"UNEXPLAINED",,"NEEDS_INVESTIGATION",
"CARP","BT","lake_rearing","ha",11164.6,11285.72,-1.1,,"WITHIN_TOLERANCE",,"CLOSED",
"CARP","BT","wetland_rearing","ha",3133.62,2918.25,7.4,,"UNEXPLAINED",,"NEEDS_INVESTIGATION",
"CARP","BT","rearing_stream","km",3205.83,813.27,294.2,,"UNEXPLAINED",,"NEEDS_INVESTIGATION",
"CARP","BT","rearing_lake_centerline","km",0,0,,,"NOT_APPLICABLE",,,
"CARP","BT","rearing_wetland_centerline","km",0,0,,,"NOT_APPLICABLE",,,
"CARP","KO","spawning","km",63.89,,,,"NOT_APPLICABLE",,,
"CARP","KO","rearing","km",360.47,,,,"NOT_APPLICABLE",,,
"CARP","KO","lake_rearing","ha",9065.58,,,,"NOT_APPLICABLE",,,
"CARP","KO","wetland_rearing","ha",0,,,,"NOT_APPLICABLE",,,
"CARP","KO","rearing_stream","km",0.48,,,,"NOT_APPLICABLE",,,
"CARP","KO","rearing_lake_centerline","km",0,,,,"NOT_APPLICABLE",,,
"CARP","KO","rearing_wetland_centerline","km",0,,,,"NOT_APPLICABLE",,,
"CARP","RB","spawning","km",1721,,,,"NOT_APPLICABLE",,,
"CARP","RB","rearing","km",4127.87,,,,"NOT_APPLICABLE",,,
"CARP","RB","lake_rearing","ha",11164.6,,,,"NOT_APPLICABLE",,,
"CARP","RB","wetland_rearing","ha",3130.21,,,,"NOT_APPLICABLE",,,
"CARP","RB","rearing_stream","km",3404.95,,,,"NOT_APPLICABLE",,,
"CARP","RB","rearing_lake_centerline","km",0,,,,"NOT_APPLICABLE",,,
"CARP","RB","rearing_wetland_centerline","km",0,,,,"NOT_APPLICABLE",,,
"CRKD","BT","spawning","km",3272.26,689.78,374.4,,"UNEXPLAINED",,"NEEDS_INVESTIGATION",
"CRKD","BT","rearing","km",7051.79,1456.49,384.2,,"UNEXPLAINED",,"NEEDS_INVESTIGATION",
"CRKD","BT","lake_rearing","ha",5261.49,5689.8,-7.5,,"UNEXPLAINED",,"NEEDS_INVESTIGATION",
"CRKD","BT","wetland_rearing","ha",7271.81,6843.54,6.3,,"UNEXPLAINED",,"NEEDS_INVESTIGATION",
"CRKD","BT","rearing_stream","km",6166.2,1175.69,424.5,,"UNEXPLAINED",,"NEEDS_INVESTIGATION",
"CRKD","BT","rearing_lake_centerline","km",0,0,,,"NOT_APPLICABLE",,,
"CRKD","BT","rearing_wetland_centerline","km",0,0,,,"NOT_APPLICABLE",,,
"CRKD","RB","spawning","km",3510.28,,,,"NOT_APPLICABLE",,,
"CRKD","RB","rearing","km",8426.53,,,,"NOT_APPLICABLE",,,
"CRKD","RB","lake_rearing","ha",5301.36,,,,"NOT_APPLICABLE",,,
"CRKD","RB","wetland_rearing","ha",7640.44,,,,"NOT_APPLICABLE",,,
"CRKD","RB","rearing_stream","km",7455.37,,,,"NOT_APPLICABLE",,,
"CRKD","RB","rearing_lake_centerline","km",0,,,,"NOT_APPLICABLE",,,
"CRKD","RB","rearing_wetland_centerline","km",0,,,,"NOT_APPLICABLE",,,
"FINA","BT","spawning","km",4039.81,1265.89,219.1,,"UNEXPLAINED",,"NEEDS_INVESTIGATION",
"FINA","BT","rearing","km",8087.71,2859.31,182.9,,"UNEXPLAINED",,"NEEDS_INVESTIGATION",
"FINA","BT","lake_rearing","ha",174700.69,174580.98,0.1,,"WITHIN_TOLERANCE",,"CLOSED",
"FINA","BT","wetland_rearing","ha",6729.89,5886.41,14.3,,"UNEXPLAINED",,"NEEDS_INVESTIGATION",
"FINA","BT","rearing_stream","km",6862.84,1899.59,261.3,,"UNEXPLAINED",,"NEEDS_INVESTIGATION",
"FINA","BT","rearing_lake_centerline","km",0,0,,,"NOT_APPLICABLE",,,
"FINA","BT","rearing_wetland_centerline","km",0,0,,,"NOT_APPLICABLE",,,
"FINA","RB","spawning","km",3970.06,,,,"NOT_APPLICABLE",,,
"FINA","RB","rearing","km",8554.06,,,,"NOT_APPLICABLE",,,
"FINA","RB","lake_rearing","ha",174698.83,,,,"NOT_APPLICABLE",,,
"FINA","RB","wetland_rearing","ha",6724.46,,,,"NOT_APPLICABLE",,,
"FINA","RB","rearing_stream","km",7311.62,,,,"NOT_APPLICABLE",,,
"FINA","RB","rearing_lake_centerline","km",0,,,,"NOT_APPLICABLE",,,
"FINA","RB","rearing_wetland_centerline","km",0,,,,"NOT_APPLICABLE",,,
"FINA","GR","spawning","km",1895.71,,,,"NOT_APPLICABLE",,,
"FINA","GR","rearing","km",2944.52,,,,"NOT_APPLICABLE",,,
"FINA","GR","lake_rearing","ha",174037.3,,,,"NOT_APPLICABLE",,,
"FINA","GR","wetland_rearing","ha",0,,,,"NOT_APPLICABLE",,,
"FINA","GR","rearing_stream","km",2308.82,,,,"NOT_APPLICABLE",,,
"FINA","GR","rearing_lake_centerline","km",0,,,,"NOT_APPLICABLE",,,
"FINA","GR","rearing_wetland_centerline","km",0,,,,"NOT_APPLICABLE",,,
"FIRE","BT","spawning","km",5101.5,1003.65,408.3,,"UNEXPLAINED",,"NEEDS_INVESTIGATION",
"FIRE","BT","rearing","km",10218.65,2032.84,402.7,,"UNEXPLAINED",,"NEEDS_INVESTIGATION",
"FIRE","BT","lake_rearing","ha",11347.15,11459.9,-1,,"WITHIN_TOLERANCE",,"CLOSED",
"FIRE","BT","wetland_rearing","ha",5659.47,5040.64,12.3,,"UNEXPLAINED",,"NEEDS_INVESTIGATION",
"FIRE","BT","rearing_stream","km",8978.88,1578.06,469,,"UNEXPLAINED",,"NEEDS_INVESTIGATION",
"FIRE","BT","rearing_lake_centerline","km",0,0,,,"NOT_APPLICABLE",,,
"FIRE","BT","rearing_wetland_centerline","km",0,0,,,"NOT_APPLICABLE",,,
"FIRE","RB","spawning","km",4905.4,,,,"NOT_APPLICABLE",,,
"FIRE","RB","rearing","km",11226.12,,,,"NOT_APPLICABLE",,,
"FIRE","RB","lake_rearing","ha",11037.66,,,,"NOT_APPLICABLE",,,
"FIRE","RB","wetland_rearing","ha",4663.19,,,,"NOT_APPLICABLE",,,
"FIRE","RB","rearing_stream","km",9993.16,,,,"NOT_APPLICABLE",,,
"FIRE","RB","rearing_lake_centerline","km",0,,,,"NOT_APPLICABLE",,,
"FIRE","RB","rearing_wetland_centerline","km",0,,,,"NOT_APPLICABLE",,,
"FIRE","GR","spawning","km",462.17,,,,"NOT_APPLICABLE",,,
"FIRE","GR","rearing","km",740.85,,,,"NOT_APPLICABLE",,,
"FIRE","GR","lake_rearing","ha",4674.72,,,,"NOT_APPLICABLE",,,
"FIRE","GR","wetland_rearing","ha",0,,,,"NOT_APPLICABLE",,,
"FIRE","GR","rearing_stream","km",528.7,,,,"NOT_APPLICABLE",,,
"FIRE","GR","rearing_lake_centerline","km",0,,,,"NOT_APPLICABLE",,,
"FIRE","GR","rearing_wetland_centerline","km",0,,,,"NOT_APPLICABLE",,,
"FOXR","BT","spawning","km",4977.14,913.88,444.6,,"UNEXPLAINED",,"NEEDS_INVESTIGATION",
"FOXR","BT","rearing","km",9872.25,1504.55,556.2,,"UNEXPLAINED",,"NEEDS_INVESTIGATION",
"FOXR","BT","lake_rearing","ha",2339.91,2331.03,0.4,,"WITHIN_TOLERANCE",,"CLOSED",
"FOXR","BT","wetland_rearing","ha",4022.44,3698.63,8.8,,"UNEXPLAINED",,"NEEDS_INVESTIGATION",
"FOXR","BT","rearing_stream","km",8695.74,1134.75,666.3,,"UNEXPLAINED",,"NEEDS_INVESTIGATION",
"FOXR","BT","rearing_lake_centerline","km",0,0,,,"NOT_APPLICABLE",,,
"FOXR","BT","rearing_wetland_centerline","km",0,0,,,"NOT_APPLICABLE",,,
"FOXR","RB","spawning","km",5231.12,,,,"NOT_APPLICABLE",,,
"FOXR","RB","rearing","km",11802.77,,,,"NOT_APPLICABLE",,,
"FOXR","RB","lake_rearing","ha",3259.5,,,,"NOT_APPLICABLE",,,
"FOXR","RB","wetland_rearing","ha",4081.71,,,,"NOT_APPLICABLE",,,
"FOXR","RB","rearing_stream","km",10669.83,,,,"NOT_APPLICABLE",,,
"FOXR","RB","rearing_lake_centerline","km",0,,,,"NOT_APPLICABLE",,,
"FOXR","RB","rearing_wetland_centerline","km",0,,,,"NOT_APPLICABLE",,,
"FOXR","GR","spawning","km",632.33,,,,"NOT_APPLICABLE",,,
"FOXR","GR","rearing","km",911.88,,,,"NOT_APPLICABLE",,,
"FOXR","GR","lake_rearing","ha",1892.62,,,,"NOT_APPLICABLE",,,
"FOXR","GR","wetland_rearing","ha",0,,,,"NOT_APPLICABLE",,,
"FOXR","GR","rearing_stream","km",630.07,,,,"NOT_APPLICABLE",,,
"FOXR","GR","rearing_lake_centerline","km",0,,,,"NOT_APPLICABLE",,,
"FOXR","GR","rearing_wetland_centerline","km",0,,,,"NOT_APPLICABLE",,,
"INGR","BT","spawning","km",5517.96,1102.67,400.4,,"UNEXPLAINED",,"NEEDS_INVESTIGATION",
"INGR","BT","rearing","km",11069.04,1783.28,520.7,,"UNEXPLAINED",,"NEEDS_INVESTIGATION",
"INGR","BT","lake_rearing","ha",2270.29,2428.54,-6.5,,"UNEXPLAINED",,"NEEDS_INVESTIGATION",
"INGR","BT","wetland_rearing","ha",1651.72,1484.98,11.2,,"UNEXPLAINED",,"NEEDS_INVESTIGATION",
"INGR","BT","rearing_stream","km",9727.89,1330.36,631.2,,"UNEXPLAINED",,"NEEDS_INVESTIGATION",
"INGR","BT","rearing_lake_centerline","km",0,0,,,"NOT_APPLICABLE",,,
"INGR","BT","rearing_wetland_centerline","km",0,0,,,"NOT_APPLICABLE",,,
"INGR","RB","spawning","km",5796.85,,,,"NOT_APPLICABLE",,,
"INGR","RB","rearing","km",12978.58,,,,"NOT_APPLICABLE",,,
"INGR","RB","lake_rearing","ha",2284.07,,,,"NOT_APPLICABLE",,,
"INGR","RB","wetland_rearing","ha",1735.52,,,,"NOT_APPLICABLE",,,
"INGR","RB","rearing_stream","km",11630.9,,,,"NOT_APPLICABLE",,,
"INGR","RB","rearing_lake_centerline","km",0,,,,"NOT_APPLICABLE",,,
"INGR","RB","rearing_wetland_centerline","km",0,,,,"NOT_APPLICABLE",,,
"INGR","GR","spawning","km",1045.23,,,,"NOT_APPLICABLE",,,
"INGR","GR","rearing","km",1471.49,,,,"NOT_APPLICABLE",,,
"INGR","GR","lake_rearing","ha",1705.36,,,,"NOT_APPLICABLE",,,
"INGR","GR","wetland_rearing","ha",0,,,,"NOT_APPLICABLE",,,
"INGR","GR","rearing_stream","km",1005,,,,"NOT_APPLICABLE",,,
"INGR","GR","rearing_lake_centerline","km",0,,,,"NOT_APPLICABLE",,,
"INGR","GR","rearing_wetland_centerline","km",0,,,,"NOT_APPLICABLE",,,
"KLUM","BT","spawning","km",1357.27,889.19,52.6,,"UNEXPLAINED",,"NEEDS_INVESTIGATION",
"KLUM","BT","rearing","km",2349.3,1194.22,96.7,,"UNEXPLAINED",,"NEEDS_INVESTIGATION",
"KLUM","BT","lake_rearing","ha",2102.04,2154.16,-2.4,,"UNEXPLAINED",,"NEEDS_INVESTIGATION",
"KLUM","BT","wetland_rearing","ha",2817.16,2715.86,3.7,,"UNEXPLAINED",,"NEEDS_INVESTIGATION",
"KLUM","BT","rearing_stream","km",1658.88,628.77,163.8,,"UNEXPLAINED",,"NEEDS_INVESTIGATION",
"KLUM","BT","rearing_lake_centerline","km",0,0,,,"NOT_APPLICABLE",,,
"KLUM","BT","rearing_wetland_centerline","km",0,0,,,"NOT_APPLICABLE",,,
"KLUM","CH","spawning","km",887.34,704.85,25.9,,"UNEXPLAINED",,"NEEDS_INVESTIGATION",
"KLUM","CH","rearing","km",1543.22,826.35,86.8,,"UNEXPLAINED",,"NEEDS_INVESTIGATION",
"KLUM","CH","lake_rearing","ha",1907.57,0,,,"NOT_APPLICABLE",,,
"KLUM","CH","wetland_rearing","ha",2738.2,0,,,"NOT_APPLICABLE",,,
"KLUM","CH","rearing_stream","km",952.26,320.59,197,,"UNEXPLAINED",,"NEEDS_INVESTIGATION",
"KLUM","CH","rearing_lake_centerline","km",0,0,,,"NOT_APPLICABLE",,,
"KLUM","CH","rearing_wetland_centerline","km",0,0,,,"NOT_APPLICABLE",,,
"KLUM","CO","spawning","km",1248.14,832.35,50,,"UNEXPLAINED",,"NEEDS_INVESTIGATION",
"KLUM","CO","rearing","km",1727.73,915.75,88.7,,"UNEXPLAINED",,"NEEDS_INVESTIGATION",
"KLUM","CO","lake_rearing","ha",2115.73,0,,,"NOT_APPLICABLE",,,
"KLUM","CO","wetland_rearing","ha",2740.68,2810.17,-2.5,,"UNEXPLAINED",,"NEEDS_INVESTIGATION",
"KLUM","CO","rearing_stream","km",1109.83,409.99,170.7,,"UNEXPLAINED",,"NEEDS_INVESTIGATION",
"KLUM","CO","rearing_lake_centerline","km",0,0,,,"NOT_APPLICABLE",,,
"KLUM","CO","rearing_wetland_centerline","km",0,0,,,"NOT_APPLICABLE",,,
"KLUM","PK","spawning","km",1263.11,869.15,45.3,,"UNEXPLAINED",,"NEEDS_INVESTIGATION",
"KLUM","PK","rearing","km",0,0,,,"NOT_APPLICABLE",,,
"KLUM","PK","lake_rearing","ha",0,,,,"NOT_APPLICABLE",,,
"KLUM","PK","wetland_rearing","ha",0,,,,"NOT_APPLICABLE",,,
"KLUM","PK","rearing_stream","km",0,0,,,"NOT_APPLICABLE",,,
"KLUM","PK","rearing_lake_centerline","km",0,0,,,"NOT_APPLICABLE",,,
"KLUM","PK","rearing_wetland_centerline","km",0,0,,,"NOT_APPLICABLE",,,
"KLUM","SK","spawning","km",262.01,11.82,2116.7,,"UNEXPLAINED",,"NEEDS_INVESTIGATION",
"KLUM","SK","rearing","km",51.11,32.28,58.3,,"UNEXPLAINED",,"NEEDS_INVESTIGATION",
"KLUM","SK","lake_rearing","ha",1907.47,1907,0,,"WITHIN_TOLERANCE",,"CLOSED",
"KLUM","SK","wetland_rearing","ha",0,0,,,"NOT_APPLICABLE",,,
"KLUM","SK","rearing_stream","km",16.96,0,,,"NOT_APPLICABLE",,,
"KLUM","SK","rearing_lake_centerline","km",0,0,,,"NOT_APPLICABLE",,,
"KLUM","SK","rearing_wetland_centerline","km",0,0,,,"NOT_APPLICABLE",,,
"KLUM","ST","spawning","km",918.48,723.09,27,,"UNEXPLAINED",,"NEEDS_INVESTIGATION",
"KLUM","ST","rearing","km",1930.73,997.79,93.5,,"UNEXPLAINED",,"NEEDS_INVESTIGATION",
"KLUM","ST","lake_rearing","ha",1991.84,0,,,"NOT_APPLICABLE",,,
"KLUM","ST","wetland_rearing","ha",2744.31,2394.78,14.6,,"UNEXPLAINED",,"NEEDS_INVESTIGATION",
"KLUM","ST","rearing_stream","km",1306.16,478.38,173,,"UNEXPLAINED",,"NEEDS_INVESTIGATION",
"KLUM","ST","rearing_lake_centerline","km",0,0,,,"NOT_APPLICABLE",,,
"KLUM","ST","rearing_wetland_centerline","km",0,0,,,"NOT_APPLICABLE",,,
"KLUM","RB","spawning","km",1218.28,,,,"NOT_APPLICABLE",,,
"KLUM","RB","rearing","km",2277.44,,,,"NOT_APPLICABLE",,,
"KLUM","RB","lake_rearing","ha",2074.18,,,,"NOT_APPLICABLE",,,
"KLUM","RB","wetland_rearing","ha",2742.84,,,,"NOT_APPLICABLE",,,
"KLUM","RB","rearing_stream","km",1613.39,,,,"NOT_APPLICABLE",,,
"KLUM","RB","rearing_lake_centerline","km",0,,,,"NOT_APPLICABLE",,,
"KLUM","RB","rearing_wetland_centerline","km",0,,,,"NOT_APPLICABLE",,,
"KLUM","CM","spawning","km",868.13,869.15,-0.1,,"WITHIN_TOLERANCE",,"CLOSED",
"KLUM","CM","rearing","km",0,0,,,"NOT_APPLICABLE",,,
"KLUM","CM","lake_rearing","ha",0,,,,"NOT_APPLICABLE",,,
"KLUM","CM","wetland_rearing","ha",0,,,,"NOT_APPLICABLE",,,
"KLUM","CM","rearing_stream","km",0,0,,,"NOT_APPLICABLE",,,
"KLUM","CM","rearing_lake_centerline","km",0,0,,,"NOT_APPLICABLE",,,
"KLUM","CM","rearing_wetland_centerline","km",0,0,,,"NOT_APPLICABLE",,,
"LOMI","BT","spawning","km",3142.22,963.66,226.1,,"UNEXPLAINED",,"NEEDS_INVESTIGATION",
"LOMI","BT","rearing","km",6859.94,1512.57,353.5,,"UNEXPLAINED",,"NEEDS_INVESTIGATION",
"LOMI","BT","lake_rearing","ha",2945.47,3216.51,-8.4,,"UNEXPLAINED",,"NEEDS_INVESTIGATION",
"LOMI","BT","wetland_rearing","ha",2011.51,1864.2,7.9,,"UNEXPLAINED",,"NEEDS_INVESTIGATION",
"LOMI","BT","rearing_stream","km",5653.9,1104.32,412,,"UNEXPLAINED",,"NEEDS_INVESTIGATION",
"LOMI","BT","rearing_lake_centerline","km",0,0,,,"NOT_APPLICABLE",,,
"LOMI","BT","rearing_wetland_centerline","km",0,0,,,"NOT_APPLICABLE",,,
"LOMI","RB","spawning","km",3527.51,,,,"NOT_APPLICABLE",,,
"LOMI","RB","rearing","km",8642.55,,,,"NOT_APPLICABLE",,,
"LOMI","RB","lake_rearing","ha",2968.78,,,,"NOT_APPLICABLE",,,
"LOMI","RB","wetland_rearing","ha",2150.14,,,,"NOT_APPLICABLE",,,
"LOMI","RB","rearing_stream","km",7359.28,,,,"NOT_APPLICABLE",,,
"LOMI","RB","rearing_lake_centerline","km",0,,,,"NOT_APPLICABLE",,,
"LOMI","RB","rearing_wetland_centerline","km",0,,,,"NOT_APPLICABLE",,,
"LOMI","GR","spawning","km",822.35,,,,"NOT_APPLICABLE",,,
"LOMI","GR","rearing","km",1221.64,,,,"NOT_APPLICABLE",,,
"LOMI","GR","lake_rearing","ha",2558.35,,,,"NOT_APPLICABLE",,,
"LOMI","GR","wetland_rearing","ha",0,,,,"NOT_APPLICABLE",,,
"LOMI","GR","rearing_stream","km",829.05,,,,"NOT_APPLICABLE",,,
"LOMI","GR","rearing_lake_centerline","km",0,,,,"NOT_APPLICABLE",,,
"LOMI","GR","rearing_wetland_centerline","km",0,,,,"NOT_APPLICABLE",,,
"LSAL","CH","spawning","km",476.06,312.6,52.3,,"UNEXPLAINED",,"NEEDS_INVESTIGATION",
"LSAL","CH","rearing","km",1321.06,623.32,111.9,,"UNEXPLAINED",,"NEEDS_INVESTIGATION",
"LSAL","CH","lake_rearing","ha",2723.05,0,,,"NOT_APPLICABLE",,,
"LSAL","CH","wetland_rearing","ha",5440.49,0,,,"NOT_APPLICABLE",,,
"LSAL","CH","rearing_stream","km",1139.49,485.38,134.8,,"UNEXPLAINED",,"NEEDS_INVESTIGATION",
"LSAL","CH","rearing_lake_centerline","km",0,0,,,"NOT_APPLICABLE",,,
"LSAL","CH","rearing_wetland_centerline","km",0,0,,,"NOT_APPLICABLE",,,
"LSAL","RB","spawning","km",747.62,,,,"NOT_APPLICABLE",,,
"LSAL","RB","rearing","km",1538.96,,,,"NOT_APPLICABLE",,,
"LSAL","RB","lake_rearing","ha",4691.88,,,,"NOT_APPLICABLE",,,
"LSAL","RB","wetland_rearing","ha",5440.49,,,,"NOT_APPLICABLE",,,
"LSAL","RB","rearing_stream","km",1337.17,,,,"NOT_APPLICABLE",,,
"LSAL","RB","rearing_lake_centerline","km",0,,,,"NOT_APPLICABLE",,,
"LSAL","RB","rearing_wetland_centerline","km",0,,,,"NOT_APPLICABLE",,,
"MESI","BT","spawning","km",2245.52,677.69,231.3,,"UNEXPLAINED",,"NEEDS_INVESTIGATION",
"MESI","BT","rearing","km",5317.51,1131.08,370.1,,"UNEXPLAINED",,"NEEDS_INVESTIGATION",
"MESI","BT","lake_rearing","ha",1637.06,1776.78,-7.9,,"UNEXPLAINED",,"NEEDS_INVESTIGATION",
"MESI","BT","wetland_rearing","ha",1087.33,864.21,25.8,,"UNEXPLAINED",,"NEEDS_INVESTIGATION",
"MESI","BT","rearing_stream","km",4423.39,804.11,450.1,,"UNEXPLAINED",,"NEEDS_INVESTIGATION",
"MESI","BT","rearing_lake_centerline","km",0,0,,,"NOT_APPLICABLE",,,
"MESI","BT","rearing_wetland_centerline","km",0,0,,,"NOT_APPLICABLE",,,
"MESI","RB","spawning","km",2135.17,,,,"NOT_APPLICABLE",,,
"MESI","RB","rearing","km",5538.62,,,,"NOT_APPLICABLE",,,
"MESI","RB","lake_rearing","ha",1636.19,,,,"NOT_APPLICABLE",,,
"MESI","RB","wetland_rearing","ha",1079.29,,,,"NOT_APPLICABLE",,,
"MESI","RB","rearing_stream","km",4639.39,,,,"NOT_APPLICABLE",,,
"MESI","RB","rearing_lake_centerline","km",0,,,,"NOT_APPLICABLE",,,
"MESI","RB","rearing_wetland_centerline","km",0,,,,"NOT_APPLICABLE",,,
"MESI","GR","spawning","km",1032.42,,,,"NOT_APPLICABLE",,,
"MESI","GR","rearing","km",1605.4,,,,"NOT_APPLICABLE",,,
"MESI","GR","lake_rearing","ha",1443.99,,,,"NOT_APPLICABLE",,,
"MESI","GR","wetland_rearing","ha",0,,,,"NOT_APPLICABLE",,,
"MESI","GR","rearing_stream","km",1172.05,,,,"NOT_APPLICABLE",,,
"MESI","GR","rearing_lake_centerline","km",0,,,,"NOT_APPLICABLE",,,
"MESI","GR","rearing_wetland_centerline","km",0,,,,"NOT_APPLICABLE",,,
"NATR","BT","spawning","km",7575.57,1491.79,407.8,,"UNEXPLAINED",,"NEEDS_INVESTIGATION",
"NATR","BT","rearing","km",13666.94,3071.34,345,,"UNEXPLAINED",,"NEEDS_INVESTIGATION",
"NATR","BT","lake_rearing","ha",20908.1,19458.72,7.4,,"UNEXPLAINED",,"NEEDS_INVESTIGATION",
"NATR","BT","wetland_rearing","ha",13515.47,10247.16,31.9,,"UNEXPLAINED",,"NEEDS_INVESTIGATION",
"NATR","BT","rearing_stream","km",12298.05,2486.03,394.7,,"UNEXPLAINED",,"NEEDS_INVESTIGATION",
"NATR","BT","rearing_lake_centerline","km",0,0,,,"NOT_APPLICABLE",,,
"NATR","BT","rearing_wetland_centerline","km",0,0,,,"NOT_APPLICABLE",,,
"NATR","KO","spawning","km",121.18,,,,"NOT_APPLICABLE",,,
"NATR","KO","rearing","km",345.43,,,,"NOT_APPLICABLE",,,
"NATR","KO","lake_rearing","ha",16794.12,,,,"NOT_APPLICABLE",,,
"NATR","KO","wetland_rearing","ha",0,,,,"NOT_APPLICABLE",,,
"NATR","KO","rearing_stream","km",0,,,,"NOT_APPLICABLE",,,
"NATR","KO","rearing_lake_centerline","km",0,,,,"NOT_APPLICABLE",,,
"NATR","KO","rearing_wetland_centerline","km",0,,,,"NOT_APPLICABLE",,,
"NATR","RB","spawning","km",6955.28,,,,"NOT_APPLICABLE",,,
"NATR","RB","rearing","km",13017.21,,,,"NOT_APPLICABLE",,,
"NATR","RB","lake_rearing","ha",20623.6,,,,"NOT_APPLICABLE",,,
"NATR","RB","wetland_rearing","ha",13260.31,,,,"NOT_APPLICABLE",,,
"NATR","RB","rearing_stream","km",11729.78,,,,"NOT_APPLICABLE",,,
"NATR","RB","rearing_lake_centerline","km",0,,,,"NOT_APPLICABLE",,,
"NATR","RB","rearing_wetland_centerline","km",0,,,,"NOT_APPLICABLE",,,
"NATR","GR","spawning","km",3863.6,,,,"NOT_APPLICABLE",,,
"NATR","GR","rearing","km",5426.14,,,,"NOT_APPLICABLE",,,
"NATR","GR","lake_rearing","ha",19256.14,,,,"NOT_APPLICABLE",,,
"NATR","GR","wetland_rearing","ha",0,,,,"NOT_APPLICABLE",,,
"NATR","GR","rearing_stream","km",4749.92,,,,"NOT_APPLICABLE",,,
"NATR","GR","rearing_lake_centerline","km",0,,,,"NOT_APPLICABLE",,,
"NATR","GR","rearing_wetland_centerline","km",0,,,,"NOT_APPLICABLE",,,
"NECR","BT","spawning","km",2094.54,983.31,113,,"UNEXPLAINED",,"NEEDS_INVESTIGATION",
"NECR","BT","rearing","km",3974.62,1880.5,111.4,,"UNEXPLAINED",,"NEEDS_INVESTIGATION",
"NECR","BT","lake_rearing","ha",8648.49,8763.25,-1.3,,"WITHIN_TOLERANCE",,"CLOSED",
"NECR","BT","wetland_rearing","ha",8188.36,7291.26,12.3,,"UNEXPLAINED",,"NEEDS_INVESTIGATION",
"NECR","BT","rearing_stream","km",3431.54,1490.61,130.2,,"UNEXPLAINED",,"NEEDS_INVESTIGATION",
"NECR","BT","rearing_lake_centerline","km",0,0,,,"NOT_APPLICABLE",,,
"NECR","BT","rearing_wetland_centerline","km",0,0,,,"NOT_APPLICABLE",,,
"NECR","CH","spawning","km",1510.6,511.89,195.1,,"UNEXPLAINED",,"NEEDS_INVESTIGATION",
"NECR","CH","rearing","km",4280.02,1078.04,297,,"UNEXPLAINED",,"NEEDS_INVESTIGATION",
"NECR","CH","lake_rearing","ha",7504.04,0,,,"NOT_APPLICABLE",,,
"NECR","CH","wetland_rearing","ha",8965.67,0,,,"NOT_APPLICABLE",,,
"NECR","CH","rearing_stream","km",3719.04,888.65,318.5,,"UNEXPLAINED",,"NEEDS_INVESTIGATION",
"NECR","CH","rearing_lake_centerline","km",0,0,,,"NOT_APPLICABLE",,,
"NECR","CH","rearing_wetland_centerline","km",0,0,,,"NOT_APPLICABLE",,,
"NECR","CO","spawning","km",2005.2,965.6,107.7,,"UNEXPLAINED",,"NEEDS_INVESTIGATION",
"NECR","CO","rearing","km",3298.12,1693.07,94.8,,"UNEXPLAINED",,"NEEDS_INVESTIGATION",
"NECR","CO","lake_rearing","ha",8890.75,0,,,"NOT_APPLICABLE",,,
"NECR","CO","wetland_rearing","ha",8065.72,8590.69,-6.1,,"UNEXPLAINED",,"NEEDS_INVESTIGATION",
"NECR","CO","rearing_stream","km",2863.51,1503.68,90.4,,"UNEXPLAINED",,"NEEDS_INVESTIGATION",
"NECR","CO","rearing_lake_centerline","km",0,0,,,"NOT_APPLICABLE",,,
"NECR","CO","rearing_wetland_centerline","km",0,0,,,"NOT_APPLICABLE",,,
"NECR","SK","spawning","km",378.26,35.55,964,,"UNEXPLAINED",,"NEEDS_INVESTIGATION",
"NECR","SK","rearing","km",183.72,161.82,13.5,"sk-lake-clustering-divergence","C","SK lake clustering / multi-lake / adjacency — fresh#190 parked, fresh#191 filed","INTENTIONAL_FRESH_DEFERRED","https://github.com/NewGraphEnvironment/fresh/issues/190; https://github.com/NewGraphEnvironment/fresh/issues/191; research/provincial_parity_2026_05_11.md#class-c"
"NECR","SK","lake_rearing","ha",7158.72,7049,1.6,,"WITHIN_TOLERANCE",,"CLOSED",
"NECR","SK","wetland_rearing","ha",0,0,,,"NOT_APPLICABLE",,,
"NECR","SK","rearing_stream","km",19.1,0,,,"NOT_APPLICABLE",,,
"NECR","SK","rearing_lake_centerline","km",0,0,,,"NOT_APPLICABLE",,,
"NECR","SK","rearing_wetland_centerline","km",0,0,,,"NOT_APPLICABLE",,,
"NECR","RB","spawning","km",2500.29,,,,"NOT_APPLICABLE",,,
"NECR","RB","rearing","km",5542.57,,,,"NOT_APPLICABLE",,,
"NECR","RB","lake_rearing","ha",8678.21,,,,"NOT_APPLICABLE",,,
"NECR","RB","wetland_rearing","ha",9112.27,,,,"NOT_APPLICABLE",,,
"NECR","RB","rearing_stream","km",4836.67,,,,"NOT_APPLICABLE",,,
"NECR","RB","rearing_lake_centerline","km",0,,,,"NOT_APPLICABLE",,,
"NECR","RB","rearing_wetland_centerline","km",0,,,,"NOT_APPLICABLE",,,
"OSPK","BT","spawning","km",1980.56,590.47,235.4,,"UNEXPLAINED",,"NEEDS_INVESTIGATION",
"OSPK","BT","rearing","km",4329.43,859.65,403.6,,"UNEXPLAINED",,"NEEDS_INVESTIGATION",
"OSPK","BT","lake_rearing","ha",90.4,79.32,14,,"UNEXPLAINED",,"NEEDS_INVESTIGATION",
"OSPK","BT","wetland_rearing","ha",130.99,119.56,9.6,,"UNEXPLAINED",,"NEEDS_INVESTIGATION",
"OSPK","BT","rearing_stream","km",3692.18,632,484.2,,"UNEXPLAINED",,"NEEDS_INVESTIGATION",
"OSPK","BT","rearing_lake_centerline","km",0,0,,,"NOT_APPLICABLE",,,
"OSPK","BT","rearing_wetland_centerline","km",0,0,,,"NOT_APPLICABLE",,,
"OSPK","RB","spawning","km",1779.2,,,,"NOT_APPLICABLE",,,
"OSPK","RB","rearing","km",3991.27,,,,"NOT_APPLICABLE",,,
"OSPK","RB","lake_rearing","ha",85.83,,,,"NOT_APPLICABLE",,,
"OSPK","RB","wetland_rearing","ha",123.23,,,,"NOT_APPLICABLE",,,
"OSPK","RB","rearing_stream","km",3383.75,,,,"NOT_APPLICABLE",,,
"OSPK","RB","rearing_lake_centerline","km",0,,,,"NOT_APPLICABLE",,,
"OSPK","RB","rearing_wetland_centerline","km",0,,,,"NOT_APPLICABLE",,,
"OSPK","GR","spawning","km",895.15,,,,"NOT_APPLICABLE",,,
"OSPK","GR","rearing","km",1306.11,,,,"NOT_APPLICABLE",,,
"OSPK","GR","lake_rearing","ha",48.61,,,,"NOT_APPLICABLE",,,
"OSPK","GR","wetland_rearing","ha",0,,,,"NOT_APPLICABLE",,,
"OSPK","GR","rearing_stream","km",945.02,,,,"NOT_APPLICABLE",,,
"OSPK","GR","rearing_lake_centerline","km",0,,,,"NOT_APPLICABLE",,,
"OSPK","GR","rearing_wetland_centerline","km",0,,,,"NOT_APPLICABLE",,,
"PARA","BT","spawning","km",2619.24,708.56,269.7,,"UNEXPLAINED",,"NEEDS_INVESTIGATION",
"PARA","BT","rearing","km",5197.42,1781.3,191.8,,"UNEXPLAINED",,"NEEDS_INVESTIGATION",
"PARA","BT","lake_rearing","ha",173930.78,173883.96,0,,"WITHIN_TOLERANCE",,"CLOSED",
"PARA","BT","wetland_rearing","ha",9625.55,9075.12,6.1,,"UNEXPLAINED",,"NEEDS_INVESTIGATION",
"PARA","BT","rearing_stream","km",3805.58,1225.32,210.6,,"UNEXPLAINED",,"NEEDS_INVESTIGATION",
"PARA","BT","rearing_lake_centerline","km",0,0,,,"NOT_APPLICABLE",,,
"PARA","BT","rearing_wetland_centerline","km",0,0,,,"NOT_APPLICABLE",,,
"PARA","RB","spawning","km",2528.65,,,,"NOT_APPLICABLE",,,
"PARA","RB","rearing","km",5266.14,,,,"NOT_APPLICABLE",,,
"PARA","RB","lake_rearing","ha",173930.37,,,,"NOT_APPLICABLE",,,
"PARA","RB","wetland_rearing","ha",9609.77,,,,"NOT_APPLICABLE",,,
"PARA","RB","rearing_stream","km",3900.95,,,,"NOT_APPLICABLE",,,
"PARA","RB","rearing_lake_centerline","km",0,,,,"NOT_APPLICABLE",,,
"PARA","RB","rearing_wetland_centerline","km",0,,,,"NOT_APPLICABLE",,,
"PARA","GR","spawning","km",1497.14,,,,"NOT_APPLICABLE",,,
"PARA","GR","rearing","km",2099.92,,,,"NOT_APPLICABLE",,,
"PARA","GR","lake_rearing","ha",173491.12,,,,"NOT_APPLICABLE",,,
"PARA","GR","wetland_rearing","ha",0,,,,"NOT_APPLICABLE",,,
"PARA","GR","rearing_stream","km",1207.99,,,,"NOT_APPLICABLE",,,
"PARA","GR","rearing_lake_centerline","km",0,,,,"NOT_APPLICABLE",,,
"PARA","GR","rearing_wetland_centerline","km",0,,,,"NOT_APPLICABLE",,,
"PARS","BT","spawning","km",6970.74,1667.92,317.9,,"UNEXPLAINED",,"NEEDS_INVESTIGATION",
"PARS","BT","rearing","km",11638.66,2588.91,349.6,,"UNEXPLAINED",,"NEEDS_INVESTIGATION",
"PARS","BT","lake_rearing","ha",1949.7,2113.02,-7.7,,"UNEXPLAINED",,"NEEDS_INVESTIGATION",
"PARS","BT","wetland_rearing","ha",8489.17,7824.11,8.5,,"UNEXPLAINED",,"NEEDS_INVESTIGATION",
"PARS","BT","rearing_stream","km",10442.52,1790.78,483.1,,"UNEXPLAINED",,"NEEDS_INVESTIGATION",
"PARS","BT","rearing_lake_centerline","km",0,0,,,"NOT_APPLICABLE",,,
"PARS","BT","rearing_wetland_centerline","km",0,0,,,"NOT_APPLICABLE",,,
"PARS","RB","spawning","km",6855.5,,,,"NOT_APPLICABLE",,,
"PARS","RB","rearing","km",12739.62,,,,"NOT_APPLICABLE",,,
"PARS","RB","lake_rearing","ha",1950.66,,,,"NOT_APPLICABLE",,,
"PARS","RB","wetland_rearing","ha",8842.22,,,,"NOT_APPLICABLE",,,
"PARS","RB","rearing_stream","km",11546.46,,,,"NOT_APPLICABLE",,,
"PARS","RB","rearing_lake_centerline","km",0,,,,"NOT_APPLICABLE",,,
"PARS","RB","rearing_wetland_centerline","km",0,,,,"NOT_APPLICABLE",,,
"PARS","KO","spawning","km",3.83,,,,"NOT_APPLICABLE",,,
"PARS","KO","rearing","km",12.54,,,,"NOT_APPLICABLE",,,
"PARS","KO","lake_rearing","ha",376.93,,,,"NOT_APPLICABLE",,,
"PARS","KO","wetland_rearing","ha",0,,,,"NOT_APPLICABLE",,,
"PARS","KO","rearing_stream","km",0,,,,"NOT_APPLICABLE",,,
"PARS","KO","rearing_lake_centerline","km",0,,,,"NOT_APPLICABLE",,,
"PARS","KO","rearing_wetland_centerline","km",0,,,,"NOT_APPLICABLE",,,
"PARS","GR","spawning","km",983.86,,,,"NOT_APPLICABLE",,,
"PARS","GR","rearing","km",1366.32,,,,"NOT_APPLICABLE",,,
"PARS","GR","lake_rearing","ha",1565.81,,,,"NOT_APPLICABLE",,,
"PARS","GR","wetland_rearing","ha",0,,,,"NOT_APPLICABLE",,,
"PARS","GR","rearing_stream","km",697.42,,,,"NOT_APPLICABLE",,,
"PARS","GR","rearing_lake_centerline","km",0,,,,"NOT_APPLICABLE",,,
"PARS","GR","rearing_wetland_centerline","km",0,,,,"NOT_APPLICABLE",,,
"PCEA","BT","spawning","km",4372.95,918.48,376.1,,"UNEXPLAINED",,"NEEDS_INVESTIGATION",
"PCEA","BT","rearing","km",8711.28,1999.83,335.6,,"UNEXPLAINED",,"NEEDS_INVESTIGATION",
"PCEA","BT","lake_rearing","ha",172904.56,172864.72,0,,"WITHIN_TOLERANCE",,"CLOSED",
"PCEA","BT","wetland_rearing","ha",999.46,669.14,49.4,,"UNEXPLAINED",,"NEEDS_INVESTIGATION",
"PCEA","BT","rearing_stream","km",7680.28,1300.5,490.6,,"UNEXPLAINED",,"NEEDS_INVESTIGATION",
"PCEA","BT","rearing_lake_centerline","km",0,0,,,"NOT_APPLICABLE",,,
"PCEA","BT","rearing_wetland_centerline","km",0,0,,,"NOT_APPLICABLE",,,
"PCEA","RB","spawning","km",3757.26,,,,"NOT_APPLICABLE",,,
"PCEA","RB","rearing","km",7627.13,,,,"NOT_APPLICABLE",,,
"PCEA","RB","lake_rearing","ha",172899.18,,,,"NOT_APPLICABLE",,,
"PCEA","RB","wetland_rearing","ha",985.31,,,,"NOT_APPLICABLE",,,
"PCEA","RB","rearing_stream","km",6686.98,,,,"NOT_APPLICABLE",,,
"PCEA","RB","rearing_lake_centerline","km",0,,,,"NOT_APPLICABLE",,,
"PCEA","RB","rearing_wetland_centerline","km",0,,,,"NOT_APPLICABLE",,,
"PCEA","GR","spawning","km",2033.31,,,,"NOT_APPLICABLE",,,
"PCEA","GR","rearing","km",2846.29,,,,"NOT_APPLICABLE",,,
"PCEA","GR","lake_rearing","ha",172752.2,,,,"NOT_APPLICABLE",,,
"PCEA","GR","wetland_rearing","ha",0,,,,"NOT_APPLICABLE",,,
"PCEA","GR","rearing_stream","km",2391.8,,,,"NOT_APPLICABLE",,,
"PCEA","GR","rearing_lake_centerline","km",0,,,,"NOT_APPLICABLE",,,
"PCEA","GR","rearing_wetland_centerline","km",0,,,,"NOT_APPLICABLE",,,
"TOOD","BT","spawning","km",2330.46,1107.46,110.4,,"UNEXPLAINED",,"NEEDS_INVESTIGATION",
"TOOD","BT","rearing","km",4203.92,1841.87,128.2,,"UNEXPLAINED",,"NEEDS_INVESTIGATION",
"TOOD","BT","lake_rearing","ha",2542.37,2701.6,-5.9,,"UNEXPLAINED",,"NEEDS_INVESTIGATION",
"TOOD","BT","wetland_rearing","ha",2477.21,2393.95,3.5,,"UNEXPLAINED",,"NEEDS_INVESTIGATION",
"TOOD","BT","rearing_stream","km",3607.61,1438.5,150.8,,"UNEXPLAINED",,"NEEDS_INVESTIGATION",
"TOOD","BT","rearing_lake_centerline","km",0,0,,,"NOT_APPLICABLE",,,
"TOOD","BT","rearing_wetland_centerline","km",0,0,,,"NOT_APPLICABLE",,,
"TOOD","RB","spawning","km",2237.38,,,,"NOT_APPLICABLE",,,
"TOOD","RB","rearing","km",4136,,,,"NOT_APPLICABLE",,,
"TOOD","RB","lake_rearing","ha",2486.77,,,,"NOT_APPLICABLE",,,
"TOOD","RB","wetland_rearing","ha",2453.91,,,,"NOT_APPLICABLE",,,
"TOOD","RB","rearing_stream","km",3545.86,,,,"NOT_APPLICABLE",,,
"TOOD","RB","rearing_lake_centerline","km",0,,,,"NOT_APPLICABLE",,,
"TOOD","RB","rearing_wetland_centerline","km",0,,,,"NOT_APPLICABLE",,,
"TOOD","GR","spawning","km",1269.57,,,,"NOT_APPLICABLE",,,
"TOOD","GR","rearing","km",1791.04,,,,"NOT_APPLICABLE",,,
"TOOD","GR","lake_rearing","ha",1861.04,,,,"NOT_APPLICABLE",,,
"TOOD","GR","wetland_rearing","ha",0,,,,"NOT_APPLICABLE",,,
"TOOD","GR","rearing_stream","km",1314.96,,,,"NOT_APPLICABLE",,,
"TOOD","GR","rearing_lake_centerline","km",0,,,,"NOT_APPLICABLE",,,
"TOOD","GR","rearing_wetland_centerline","km",0,,,,"NOT_APPLICABLE",,,
"UFRA","BT","spawning","km",4295.1,945.89,354.1,,"UNEXPLAINED",,"NEEDS_INVESTIGATION",
"UFRA","BT","rearing","km",8044.34,1243.74,546.8,,"UNEXPLAINED",,"NEEDS_INVESTIGATION",
"UFRA","BT","lake_rearing","ha",1942.34,1888.53,2.8,,"UNEXPLAINED",,"NEEDS_INVESTIGATION",
"UFRA","BT","wetland_rearing","ha",1673.54,1248.84,34,,"UNEXPLAINED",,"NEEDS_INVESTIGATION",
"UFRA","BT","rearing_stream","km",6849.06,693.46,887.7,,"UNEXPLAINED",,"NEEDS_INVESTIGATION",
"UFRA","BT","rearing_lake_centerline","km",0,0,,,"NOT_APPLICABLE",,,
"UFRA","BT","rearing_wetland_centerline","km",0,0,,,"NOT_APPLICABLE",,,
"UFRA","CH","spawning","km",3117.99,632.79,392.7,,"UNEXPLAINED",,"NEEDS_INVESTIGATION",
"UFRA","CH","rearing","km",7806.6,727.59,972.9,,"UNEXPLAINED",,"NEEDS_INVESTIGATION",
"UFRA","CH","lake_rearing","ha",1656.21,0,,,"NOT_APPLICABLE",,,
"UFRA","CH","wetland_rearing","ha",1595.44,0,,,"NOT_APPLICABLE",,,
"UFRA","CH","rearing_stream","km",6792.9,278.82,2336.3,,"UNEXPLAINED",,"NEEDS_INVESTIGATION",
"UFRA","CH","rearing_lake_centerline","km",0,0,,,"NOT_APPLICABLE",,,
"UFRA","CH","rearing_wetland_centerline","km",0,0,,,"NOT_APPLICABLE",,,
"UFRA","RB","spawning","km",4610.88,,,,"NOT_APPLICABLE",,,
"UFRA","RB","rearing","km",10297.15,,,,"NOT_APPLICABLE",,,
"UFRA","RB","lake_rearing","ha",246.84,,,,"NOT_APPLICABLE",,,
"UFRA","RB","wetland_rearing","ha",1570.35,,,,"NOT_APPLICABLE",,,
"UFRA","RB","rearing_stream","km",9137.63,,,,"NOT_APPLICABLE",,,
"UFRA","RB","rearing_lake_centerline","km",0,,,,"NOT_APPLICABLE",,,
"UFRA","RB","rearing_wetland_centerline","km",0,,,,"NOT_APPLICABLE",,,
"UOMI","BT","spawning","km",3573.72,897.09,298.4,,"UNEXPLAINED",,"NEEDS_INVESTIGATION",
"UOMI","BT","rearing","km",7912.87,1490.25,431,,"UNEXPLAINED",,"NEEDS_INVESTIGATION",
"UOMI","BT","lake_rearing","ha",1386.36,1520.19,-8.8,,"UNEXPLAINED",,"NEEDS_INVESTIGATION",
"UOMI","BT","wetland_rearing","ha",2876.9,2430.68,18.4,,"UNEXPLAINED",,"NEEDS_INVESTIGATION",
"UOMI","BT","rearing_stream","km",6843.27,1189.18,475.5,,"UNEXPLAINED",,"NEEDS_INVESTIGATION",
"UOMI","BT","rearing_lake_centerline","km",0,0,,,"NOT_APPLICABLE",,,
"UOMI","BT","rearing_wetland_centerline","km",0,0,,,"NOT_APPLICABLE",,,
"UOMI","RB","spawning","km",3338.22,,,,"NOT_APPLICABLE",,,
"UOMI","RB","rearing","km",8082.34,,,,"NOT_APPLICABLE",,,
"UOMI","RB","lake_rearing","ha",964.45,,,,"NOT_APPLICABLE",,,
"UOMI","RB","wetland_rearing","ha",2789.64,,,,"NOT_APPLICABLE",,,
"UOMI","RB","rearing_stream","km",7007.01,,,,"NOT_APPLICABLE",,,
"UOMI","RB","rearing_lake_centerline","km",0,,,,"NOT_APPLICABLE",,,
"UOMI","RB","rearing_wetland_centerline","km",0,,,,"NOT_APPLICABLE",,,
"UOMI","GR","spawning","km",1654.91,,,,"NOT_APPLICABLE",,,
"UOMI","GR","rearing","km",2472.99,,,,"NOT_APPLICABLE",,,
"UOMI","GR","lake_rearing","ha",868.57,,,,"NOT_APPLICABLE",,,
"UOMI","GR","wetland_rearing","ha",0,,,,"NOT_APPLICABLE",,,
"UOMI","GR","rearing_stream","km",1967.03,,,,"NOT_APPLICABLE",,,
"UOMI","GR","rearing_lake_centerline","km",0,,,,"NOT_APPLICABLE",,,
"UOMI","GR","rearing_wetland_centerline","km",0,,,,"NOT_APPLICABLE",,,
"ZYMO","BT","spawning","km",1737.47,571.41,204.1,,"UNEXPLAINED",,"NEEDS_INVESTIGATION",
"ZYMO","BT","rearing","km",3906.79,877.31,345.3,,"UNEXPLAINED",,"NEEDS_INVESTIGATION",
"ZYMO","BT","lake_rearing","ha",1445.69,1465.73,-1.4,,"WITHIN_TOLERANCE",,"CLOSED",
"ZYMO","BT","wetland_rearing","ha",1266.58,1154.81,9.7,,"UNEXPLAINED",,"NEEDS_INVESTIGATION",
"ZYMO","BT","rearing_stream","km",3191.71,527.67,504.9,,"UNEXPLAINED",,"NEEDS_INVESTIGATION",
"ZYMO","BT","rearing_lake_centerline","km",0,0,,,"NOT_APPLICABLE",,,
"ZYMO","BT","rearing_wetland_centerline","km",0,0,,,"NOT_APPLICABLE",,,
"ZYMO","CH","spawning","km",1275.61,459.4,177.7,,"UNEXPLAINED",,"NEEDS_INVESTIGATION",
"ZYMO","CH","rearing","km",4146.02,536.9,672.2,,"UNEXPLAINED",,"NEEDS_INVESTIGATION",
"ZYMO","CH","lake_rearing","ha",1078.24,0,,,"NOT_APPLICABLE",,,
"ZYMO","CH","wetland_rearing","ha",1310.54,0,,,"NOT_APPLICABLE",,,
"ZYMO","CH","rearing_stream","km",3503.7,240.27,1358.2,,"UNEXPLAINED",,"NEEDS_INVESTIGATION",
"ZYMO","CH","rearing_lake_centerline","km",0,0,,,"NOT_APPLICABLE",,,
"ZYMO","CH","rearing_wetland_centerline","km",0,0,,,"NOT_APPLICABLE",,,
"ZYMO","CO","spawning","km",1439.05,540.14,166.4,,"UNEXPLAINED",,"NEEDS_INVESTIGATION",
"ZYMO","CO","rearing","km",2807.7,613.37,357.7,,"UNEXPLAINED",,"NEEDS_INVESTIGATION",
"ZYMO","CO","lake_rearing","ha",1329.07,0,,,"NOT_APPLICABLE",,,
"ZYMO","CO","wetland_rearing","ha",1170.81,1172.94,-0.2,,"WITHIN_TOLERANCE",,"CLOSED",
"ZYMO","CO","rearing_stream","km",2210.38,316.74,597.9,,"UNEXPLAINED",,"NEEDS_INVESTIGATION",
"ZYMO","CO","rearing_lake_centerline","km",0,0,,,"NOT_APPLICABLE",,,
"ZYMO","CO","rearing_wetland_centerline","km",0,0,,,"NOT_APPLICABLE",,,
"ZYMO","ST","spawning","km",794.16,464.28,71.1,,"UNEXPLAINED",,"NEEDS_INVESTIGATION",
"ZYMO","ST","rearing","km",1699.32,678.29,150.5,,"UNEXPLAINED",,"NEEDS_INVESTIGATION",
"ZYMO","ST","lake_rearing","ha",1163.19,0,,,"NOT_APPLICABLE",,,
"ZYMO","ST","wetland_rearing","ha",1151.36,663.6,73.5,,"UNEXPLAINED",,"NEEDS_INVESTIGATION",
"ZYMO","ST","rearing_stream","km",1257.13,377.84,232.7,,"UNEXPLAINED",,"NEEDS_INVESTIGATION",
"ZYMO","ST","rearing_lake_centerline","km",0,0,,,"NOT_APPLICABLE",,,
"ZYMO","ST","rearing_wetland_centerline","km",0,0,,,"NOT_APPLICABLE",,,
"ZYMO","RB","spawning","km",2136.96,,,,"NOT_APPLICABLE",,,
"ZYMO","RB","rearing","km",5604.52,,,,"NOT_APPLICABLE",,,
"ZYMO","RB","lake_rearing","ha",1462.29,,,,"NOT_APPLICABLE",,,
"ZYMO","RB","wetland_rearing","ha",1359.91,,,,"NOT_APPLICABLE",,,
"ZYMO","RB","rearing_stream","km",4824.71,,,,"NOT_APPLICABLE",,,
"ZYMO","RB","rearing_lake_centerline","km",0,,,,"NOT_APPLICABLE",,,
"ZYMO","RB","rearing_wetland_centerline","km",0,,,,"NOT_APPLICABLE",,,
