config,wsg,species,habitat_type,unit,link_value,bcfishpass_value,diff_pct
default,ADMS,BT,spawning,km,362.29,361.71,0.16
default,ADMS,BT,rearing,km,530.43,674.19,-21.32
default,ADMS,BT,lake_rearing,ha,14259.74,14290.48,-0.22
default,ADMS,BT,wetland_rearing,ha,926.32,919.98,0.69
default,ADMS,BT,rearing_stream,km,379.29,368.1,3.04
default,ADMS,BT,rearing_lake_centerline,km,0,0,NA
default,ADMS,BT,rearing_wetland_centerline,km,0,0,NA
default,ADMS,CH,spawning,km,277.61,277.61,0
default,ADMS,CH,rearing,km,351.86,308.23,14.16
default,ADMS,CH,lake_rearing,ha,13936.94,0,NA
default,ADMS,CH,wetland_rearing,ha,812,0,NA
default,ADMS,CH,rearing_stream,km,201.6,158.94,26.84
default,ADMS,CH,rearing_lake_centerline,km,0,0,NA
default,ADMS,CH,rearing_wetland_centerline,km,0,0,NA
default,ADMS,CO,spawning,km,312.69,310.98,0.55
default,ADMS,CO,rearing,km,361.25,351.19,2.86
default,ADMS,CO,lake_rearing,ha,14105.71,0,NA
default,ADMS,CO,wetland_rearing,ha,816.71,861.56,-5.21
default,ADMS,CO,rearing_stream,km,210.99,201.9,4.5
default,ADMS,CO,rearing_lake_centerline,km,0,0,NA
default,ADMS,CO,rearing_wetland_centerline,km,0,0,NA
default,ADMS,SK,spawning,km,91.93,85.7,7.27
default,ADMS,SK,rearing,km,229.85,229.85,0
default,ADMS,SK,lake_rearing,ha,13820.05,13820.05,0
default,ADMS,SK,wetland_rearing,ha,0,0,NA
default,ADMS,SK,rearing_stream,km,0,0,NA
default,ADMS,SK,rearing_lake_centerline,km,0,0,NA
default,ADMS,SK,rearing_wetland_centerline,km,0,0,NA
default,ADMS,RB,spawning,km,305.02,0,NA
default,ADMS,RB,rearing,km,436.93,0,NA
default,ADMS,RB,lake_rearing,ha,14128.54,0,NA
default,ADMS,RB,wetland_rearing,ha,834.85,0,NA
default,ADMS,RB,rearing_stream,km,302.36,0,NA
default,ADMS,RB,rearing_lake_centerline,km,0,0,NA
default,ADMS,RB,rearing_wetland_centerline,km,0,0,NA
default,BULK,BT,spawning,km,1871.53,1847.96,1.28
default,BULK,BT,rearing,km,3038.8,3062.85,-0.79
default,BULK,BT,lake_rearing,ha,4448.63,4739.73,-6.14
default,BULK,BT,wetland_rearing,ha,5901.49,5836.06,1.12
default,BULK,BT,rearing_stream,km,2587.45,2486.74,4.05
default,BULK,BT,rearing_lake_centerline,km,0,0,NA
default,BULK,BT,rearing_wetland_centerline,km,0,0,NA
default,BULK,CH,spawning,km,1264.09,1252.85,0.9
default,BULK,CH,rearing,km,2038.11,1739.82,17.14
default,BULK,CH,lake_rearing,ha,2871.94,0,NA
default,BULK,CH,wetland_rearing,ha,5546.32,0,NA
default,BULK,CH,rearing_stream,km,1587.96,1291.36,22.97
default,BULK,CH,rearing_lake_centerline,km,0,0,NA
default,BULK,CH,rearing_wetland_centerline,km,0,0,NA
default,BULK,CO,spawning,km,1813.55,1768.26,2.56
default,BULK,CO,rearing,km,2295.59,2221.93,3.32
default,BULK,CO,lake_rearing,ha,4213.19,0,NA
default,BULK,CO,wetland_rearing,ha,5567,6203.32,-10.26
default,BULK,CO,rearing_stream,km,1845.43,1773.28,4.07
default,BULK,CO,rearing_lake_centerline,km,0,0,NA
default,BULK,CO,rearing_wetland_centerline,km,0,0,NA
default,BULK,PK,spawning,km,1864.08,1849.99,0.76
default,BULK,PK,rearing,km,0,0,NA
default,BULK,PK,lake_rearing,ha,0,0,NA
default,BULK,PK,wetland_rearing,ha,0,0,NA
default,BULK,PK,rearing_stream,km,0,0,NA
default,BULK,PK,rearing_lake_centerline,km,0,0,NA
default,BULK,PK,rearing_wetland_centerline,km,0,0,NA
default,BULK,SK,spawning,km,28.37,24.38,16.37
default,BULK,SK,rearing,km,64.56,64.56,0
default,BULK,SK,lake_rearing,ha,2098.76,2098.76,0
default,BULK,SK,wetland_rearing,ha,0,0,NA
default,BULK,SK,rearing_stream,km,0,0,NA
default,BULK,SK,rearing_lake_centerline,km,0,0,NA
default,BULK,SK,rearing_wetland_centerline,km,0,0,NA
default,BULK,ST,spawning,km,1295.55,1279.87,1.23
default,BULK,ST,rearing,km,2553.41,2247.54,13.61
default,BULK,ST,lake_rearing,ha,3548.97,0,NA
default,BULK,ST,wetland_rearing,ha,5814.03,2966.26,96.01
default,BULK,ST,rearing_stream,km,2102.14,1797.83,16.93
default,BULK,ST,rearing_lake_centerline,km,0,0,NA
default,BULK,ST,rearing_wetland_centerline,km,0,0,NA
default,BULK,RB,spawning,km,1817.59,0,NA
default,BULK,RB,rearing,km,2999.03,0,NA
default,BULK,RB,lake_rearing,ha,4119.16,0,NA
default,BULK,RB,wetland_rearing,ha,5748.55,0,NA
default,BULK,RB,rearing_stream,km,2547.76,0,NA
default,BULK,RB,rearing_lake_centerline,km,0,0,NA
default,BULK,RB,rearing_wetland_centerline,km,0,0,NA
default,BABL,BT,spawning,km,900.12,890.16,1.12
default,BABL,BT,rearing,km,1816.2,2351.08,-22.75
default,BABL,BT,lake_rearing,ha,56308.82,56515.11,-0.37
default,BABL,BT,wetland_rearing,ha,6119.08,6043.72,1.25
default,BABL,BT,rearing_stream,km,1792.09,1681.16,6.6
default,BABL,BT,rearing_lake_centerline,km,0,0,NA
default,BABL,BT,rearing_wetland_centerline,km,0,0,NA
default,BABL,CH,spawning,km,353.48,348.82,1.34
default,BABL,CH,rearing,km,1085.53,717.66,51.26
default,BABL,CH,lake_rearing,ha,52765.57,0,NA
default,BABL,CH,wetland_rearing,ha,5741.8,0,NA
default,BABL,CH,rearing_stream,km,1061.92,694.14,52.98
default,BABL,CH,rearing_lake_centerline,km,0,0,NA
default,BABL,CH,rearing_wetland_centerline,km,0,0,NA
default,BABL,CO,spawning,km,817.32,805.15,1.51
default,BABL,CO,rearing,km,1380.6,1289.9,7.03
default,BABL,CO,lake_rearing,ha,54507.85,0,NA
default,BABL,CO,wetland_rearing,ha,5786.74,6606.8,-12.41
default,BABL,CO,rearing_stream,km,1356.99,1266.39,7.15
default,BABL,CO,rearing_lake_centerline,km,0,0,NA
default,BABL,CO,rearing_wetland_centerline,km,0,0,NA
default,BABL,SK,spawning,km,90.82,59.27,53.23
default,BABL,SK,rearing,km,941.63,941.63,0
default,BABL,SK,lake_rearing,ha,52449.98,52449.98,0
default,BABL,SK,wetland_rearing,ha,0,0,NA
default,BABL,SK,rearing_stream,km,0,0,NA
default,BABL,SK,rearing_lake_centerline,km,0,0,NA
default,BABL,SK,rearing_wetland_centerline,km,0,0,NA
default,BABL,ST,spawning,km,354.11,349.3,1.38
default,BABL,ST,rearing,km,1312.74,924.29,42.03
default,BABL,ST,lake_rearing,ha,53454.87,0,NA
default,BABL,ST,wetland_rearing,ha,5906.92,2603.62,126.87
default,BABL,ST,rearing_stream,km,1289.12,900.76,43.11
default,BABL,ST,rearing_lake_centerline,km,0,0,NA
default,BABL,ST,rearing_wetland_centerline,km,0,0,NA
default,BABL,RB,spawning,km,671.97,0,NA
default,BABL,RB,rearing,km,1466.59,0,NA
default,BABL,RB,lake_rearing,ha,50256.96,0,NA
default,BABL,RB,wetland_rearing,ha,4408.58,0,NA
default,BABL,RB,rearing_stream,km,1449.26,0,NA
default,BABL,RB,rearing_lake_centerline,km,0,0,NA
default,BABL,RB,rearing_wetland_centerline,km,0,0,NA
default,ELKR,BT,spawning,km,1532.76,1497.68,2.34
default,ELKR,BT,rearing,km,2099.44,2104.67,-0.25
default,ELKR,BT,lake_rearing,ha,537.41,598.1,-10.15
default,ELKR,BT,wetland_rearing,ha,1013.55,978.43,3.59
default,ELKR,BT,rearing_stream,km,1597.3,1579.1,1.15
default,ELKR,BT,rearing_lake_centerline,km,0,0,NA
default,ELKR,BT,rearing_wetland_centerline,km,0,0,NA
default,ELKR,WCT,spawning,km,1593.86,1538.22,3.62
default,ELKR,WCT,rearing,km,2017.66,1889.65,6.77
default,ELKR,WCT,lake_rearing,ha,561.98,0,NA
default,ELKR,WCT,wetland_rearing,ha,1030.3,600.27,71.64
default,ELKR,WCT,rearing_stream,km,1506.9,1384.4,8.85
default,ELKR,WCT,rearing_lake_centerline,km,0,0,NA
default,ELKR,WCT,rearing_wetland_centerline,km,0,0,NA
default,ELKR,RB,spawning,km,1353.74,0,NA
default,ELKR,RB,rearing,km,1801.77,0,NA
default,ELKR,RB,lake_rearing,ha,493.99,0,NA
default,ELKR,RB,wetland_rearing,ha,948.75,0,NA
default,ELKR,RB,rearing_stream,km,1338.24,0,NA
default,ELKR,RB,rearing_lake_centerline,km,0,0,NA
default,ELKR,RB,rearing_wetland_centerline,km,0,0,NA
default,DEAD,BT,spawning,km,161.81,160.28,0.95
default,DEAD,BT,rearing,km,276.03,291.76,-5.39
default,DEAD,BT,lake_rearing,ha,536.97,635.71,-15.53
default,DEAD,BT,wetland_rearing,ha,507.46,518.91,-2.21
default,DEAD,BT,rearing_stream,km,276.03,263.62,4.71
default,DEAD,BT,rearing_lake_centerline,km,0,0,NA
default,DEAD,BT,rearing_wetland_centerline,km,0,0,NA
default,DEAD,CH,spawning,km,109.35,109.07,0.26
default,DEAD,CH,rearing,km,153.25,127.95,19.77
default,DEAD,CH,lake_rearing,ha,108.34,0,NA
default,DEAD,CH,wetland_rearing,ha,274.2,0,NA
default,DEAD,CH,rearing_stream,km,153.25,127.95,19.77
default,DEAD,CH,rearing_lake_centerline,km,0,0,NA
default,DEAD,CH,rearing_wetland_centerline,km,0,0,NA
default,DEAD,CO,spawning,km,129.21,129.1,0.09
default,DEAD,CO,rearing,km,168.71,165.13,2.17
default,DEAD,CO,lake_rearing,ha,176.92,0,NA
default,DEAD,CO,wetland_rearing,ha,282.6,275.67,2.51
default,DEAD,CO,rearing_stream,km,168.71,165.13,2.17
default,DEAD,CO,rearing_lake_centerline,km,0,0,NA
default,DEAD,CO,rearing_wetland_centerline,km,0,0,NA
default,DEAD,PK,spawning,km,130.51,130.44,0.05
default,DEAD,PK,rearing,km,0,0,NA
default,DEAD,PK,lake_rearing,ha,0,0,NA
default,DEAD,PK,wetland_rearing,ha,0,0,NA
default,DEAD,PK,rearing_stream,km,0,0,NA
default,DEAD,PK,rearing_lake_centerline,km,0,0,NA
default,DEAD,PK,rearing_wetland_centerline,km,0,0,NA
default,DEAD,SK,spawning,km,0,NA,NA
default,DEAD,SK,rearing,km,0,NA,NA
default,DEAD,SK,lake_rearing,ha,0,0,NA
default,DEAD,SK,wetland_rearing,ha,0,0,NA
default,DEAD,SK,rearing_stream,km,0,NA,NA
default,DEAD,SK,rearing_lake_centerline,km,0,NA,NA
default,DEAD,SK,rearing_wetland_centerline,km,0,NA,NA
default,DEAD,ST,spawning,km,114.31,114.02,0.25
default,DEAD,ST,rearing,km,178.63,151.86,17.63
default,DEAD,ST,lake_rearing,ha,206.71,0,NA
default,DEAD,ST,wetland_rearing,ha,314.76,61.69,410.23
default,DEAD,ST,rearing_stream,km,178.63,151.86,17.63
default,DEAD,ST,rearing_lake_centerline,km,0,0,NA
default,DEAD,ST,rearing_wetland_centerline,km,0,0,NA
default,DEAD,RB,spawning,km,136.42,0,NA
default,DEAD,RB,rearing,km,255.46,0,NA
default,DEAD,RB,lake_rearing,ha,258.99,0,NA
default,DEAD,RB,wetland_rearing,ha,322.92,0,NA
default,DEAD,RB,rearing_stream,km,255.46,0,NA
default,DEAD,RB,rearing_lake_centerline,km,0,0,NA
default,DEAD,RB,rearing_wetland_centerline,km,0,0,NA
default,PARS,BT,spawning,km,1683.15,1667.92,0.91
default,PARS,BT,rearing,km,2624.71,2588.91,1.38
default,PARS,BT,lake_rearing,ha,1839.2,2113.02,-12.96
default,PARS,BT,wetland_rearing,ha,7829.82,7824.11,0.07
default,PARS,BT,rearing_stream,km,1921.95,1790.78,7.32
default,PARS,BT,rearing_lake_centerline,km,0,0,NA
default,PARS,BT,rearing_wetland_centerline,km,0,0,NA
default,PARS,RB,spawning,km,1557.21,0,NA
default,PARS,RB,rearing,km,2462.07,0,NA
default,PARS,RB,lake_rearing,ha,1839.2,0,NA
default,PARS,RB,wetland_rearing,ha,7795.89,0,NA
default,PARS,RB,rearing_stream,km,1789.54,0,NA
default,PARS,RB,rearing_lake_centerline,km,0,0,NA
default,PARS,RB,rearing_wetland_centerline,km,0,0,NA
default,MORR,BT,spawning,km,951.33,947.07,0.45
default,MORR,BT,rearing,km,1667.24,1843.9,-9.58
default,MORR,BT,lake_rearing,ha,17118.54,17300.14,-1.05
default,MORR,BT,wetland_rearing,ha,5770.18,5774.66,-0.08
default,MORR,BT,rearing_stream,km,1362.7,1290.3,5.61
default,MORR,BT,rearing_lake_centerline,km,0,0,NA
default,MORR,BT,rearing_wetland_centerline,km,0,0,NA
default,MORR,CH,spawning,km,646.28,643.68,0.4
default,MORR,CH,rearing,km,1171.33,879.43,33.19
default,MORR,CH,lake_rearing,ha,16024.37,0,NA
default,MORR,CH,wetland_rearing,ha,5660.79,0,NA
default,MORR,CH,rearing_stream,km,870.86,580.86,49.93
default,MORR,CH,rearing_lake_centerline,km,0,0,NA
default,MORR,CH,rearing_wetland_centerline,km,0,0,NA
default,MORR,CO,spawning,km,941.65,911.71,3.28
default,MORR,CO,rearing,km,1300.65,1227.86,5.93
default,MORR,CO,lake_rearing,ha,17139.87,0,NA
default,MORR,CO,wetland_rearing,ha,5680.81,5930.38,-4.21
default,MORR,CO,rearing_stream,km,999.62,928.74,7.63
default,MORR,CO,rearing_lake_centerline,km,0,0,NA
default,MORR,CO,rearing_wetland_centerline,km,0,0,NA
default,MORR,PK,spawning,km,971.3,965.51,0.6
default,MORR,PK,rearing,km,0,0,NA
default,MORR,PK,lake_rearing,ha,0,0,NA
default,MORR,PK,wetland_rearing,ha,0,0,NA
default,MORR,PK,rearing_stream,km,0,0,NA
default,MORR,PK,rearing_lake_centerline,km,0,0,NA
default,MORR,PK,rearing_wetland_centerline,km,0,0,NA
default,MORR,SK,spawning,km,85.59,53.83,59
default,MORR,SK,rearing,km,442.33,442.33,0
default,MORR,SK,lake_rearing,ha,15771.82,15771.82,0
default,MORR,SK,wetland_rearing,ha,0,0,NA
default,MORR,SK,rearing_stream,km,0,0,NA
default,MORR,SK,rearing_lake_centerline,km,0,0,NA
default,MORR,SK,rearing_wetland_centerline,km,0,0,NA
default,MORR,ST,spawning,km,663.74,648.19,2.4
default,MORR,ST,rearing,km,1430.69,1176.04,21.65
default,MORR,ST,lake_rearing,ha,16443.12,0,NA
default,MORR,ST,wetland_rearing,ha,5704.54,3851.28,48.12
default,MORR,ST,rearing_stream,km,1126.26,873.5,28.94
default,MORR,ST,rearing_lake_centerline,km,0,0,NA
default,MORR,ST,rearing_wetland_centerline,km,0,0,NA
default,MORR,RB,spawning,km,943.35,0,NA
default,MORR,RB,rearing,km,1727.42,0,NA
default,MORR,RB,lake_rearing,ha,17118.54,0,NA
default,MORR,RB,wetland_rearing,ha,5770.18,0,NA
default,MORR,RB,rearing_stream,km,1422.98,0,NA
default,MORR,RB,rearing_lake_centerline,km,0,0,NA
default,MORR,RB,rearing_wetland_centerline,km,0,0,NA
default,KISP,BT,spawning,km,1258.03,1251.79,0.5
default,KISP,BT,rearing,km,1892.82,1946.71,-2.77
default,KISP,BT,lake_rearing,ha,4054.93,4246.73,-4.52
default,KISP,BT,wetland_rearing,ha,2482.15,2455.97,1.07
default,KISP,BT,rearing_stream,km,1447.54,1389.83,4.15
default,KISP,BT,rearing_lake_centerline,km,0,0,NA
default,KISP,BT,rearing_wetland_centerline,km,0,0,NA
default,KISP,CH,spawning,km,862.26,859.81,0.28
default,KISP,CH,rearing,km,1178.81,1049.67,12.3
default,KISP,CH,lake_rearing,ha,2919.31,0,NA
default,KISP,CH,wetland_rearing,ha,2044.09,0,NA
default,KISP,CH,rearing_stream,km,737.52,610.82,20.74
default,KISP,CH,rearing_lake_centerline,km,0,0,NA
default,KISP,CH,rearing_wetland_centerline,km,0,0,NA
default,KISP,CM,spawning,km,1174.69,1159.65,1.3
default,KISP,CM,rearing,km,0,0,NA
default,KISP,CM,lake_rearing,ha,0,0,NA
default,KISP,CM,wetland_rearing,ha,0,0,NA
default,KISP,CM,rearing_stream,km,0,0,NA
default,KISP,CM,rearing_lake_centerline,km,0,0,NA
default,KISP,CM,rearing_wetland_centerline,km,0,0,NA
default,KISP,CO,spawning,km,1128.39,1107.69,1.87
default,KISP,CO,rearing,km,1314.55,1266.54,3.79
default,KISP,CO,lake_rearing,ha,4086.04,0,NA
default,KISP,CO,wetland_rearing,ha,2068.27,2301.27,-10.12
default,KISP,CO,rearing_stream,km,873.26,827.7,5.5
default,KISP,CO,rearing_lake_centerline,km,0,0,NA
default,KISP,CO,rearing_wetland_centerline,km,0,0,NA
default,KISP,PK,spawning,km,1178.95,1159.65,1.66
default,KISP,PK,rearing,km,0,0,NA
default,KISP,PK,lake_rearing,ha,0,0,NA
default,KISP,PK,wetland_rearing,ha,0,0,NA
default,KISP,PK,rearing_stream,km,0,0,NA
default,KISP,PK,rearing_lake_centerline,km,0,0,NA
default,KISP,PK,rearing_wetland_centerline,km,0,0,NA
default,KISP,SK,spawning,km,12.85,7.14,79.97
default,KISP,SK,rearing,km,98.35,98.35,0
default,KISP,SK,lake_rearing,ha,2750.95,2750.95,0
default,KISP,SK,wetland_rearing,ha,0,0,NA
default,KISP,SK,rearing_stream,km,0,0,NA
default,KISP,SK,rearing_lake_centerline,km,0,0,NA
default,KISP,SK,rearing_wetland_centerline,km,0,0,NA
default,KISP,ST,spawning,km,906.92,902.58,0.48
default,KISP,ST,rearing,km,1472.75,1347.39,9.3
default,KISP,ST,lake_rearing,ha,2989.96,0,NA
default,KISP,ST,wetland_rearing,ha,2407.07,1061.19,126.83
default,KISP,ST,rearing_stream,km,1027.7,904.84,13.58
default,KISP,ST,rearing_lake_centerline,km,0,0,NA
default,KISP,ST,rearing_wetland_centerline,km,0,0,NA
default,KISP,RB,spawning,km,1258.03,0,NA
default,KISP,RB,rearing,km,1898.39,0,NA
default,KISP,RB,lake_rearing,ha,4054.93,0,NA
default,KISP,RB,wetland_rearing,ha,2482.15,0,NA
default,KISP,RB,rearing_stream,km,1453.34,0,NA
default,KISP,RB,rearing_lake_centerline,km,0,0,NA
default,KISP,RB,rearing_wetland_centerline,km,0,0,NA
default,KOTL,BT,spawning,km,1030.67,1008.36,2.21
default,KOTL,BT,rearing,km,1582.87,1931.05,-18.03
default,KOTL,BT,lake_rearing,ha,44869.66,44621.44,0.56
default,KOTL,BT,wetland_rearing,ha,1914.45,1333.19,43.6
default,KOTL,BT,rearing_stream,km,1248.19,1187.03,5.15
default,KOTL,BT,rearing_lake_centerline,km,0,0,NA
default,KOTL,BT,rearing_wetland_centerline,km,0,0,NA
default,KOTL,WCT,spawning,km,1135.77,1129.36,0.57
default,KOTL,WCT,rearing,km,1595.62,1495.35,6.71
default,KOTL,WCT,lake_rearing,ha,45087.1,0,NA
default,KOTL,WCT,wetland_rearing,ha,1966.03,899.27,118.63
default,KOTL,WCT,rearing_stream,km,1248.38,1155.48,8.04
default,KOTL,WCT,rearing_lake_centerline,km,0,0,NA
default,KOTL,WCT,rearing_wetland_centerline,km,0,0,NA
default,KOTL,RB,spawning,km,1030.06,0,NA
default,KOTL,RB,rearing,km,1490.9,0,NA
default,KOTL,RB,lake_rearing,ha,44869.66,0,NA
default,KOTL,RB,wetland_rearing,ha,1914.45,0,NA
default,KOTL,RB,rearing_stream,km,1156.66,0,NA
default,KOTL,RB,rearing_lake_centerline,km,0,0,NA
default,KOTL,RB,rearing_wetland_centerline,km,0,0,NA
default,NATR,BT,spawning,km,1718.56,1491.79,15.2
default,NATR,BT,rearing,km,3344.89,3071.34,8.91
default,NATR,BT,lake_rearing,ha,19787.07,19458.72,1.69
default,NATR,BT,wetland_rearing,ha,11486.29,10247.16,12.09
default,NATR,BT,rearing_stream,km,3109.94,2486.03,25.1
default,NATR,BT,rearing_lake_centerline,km,0,0,NA
default,NATR,BT,rearing_wetland_centerline,km,0,0,NA
default,NATR,RB,spawning,km,1718.56,0,NA
default,NATR,RB,rearing,km,3551.67,0,NA
default,NATR,RB,lake_rearing,ha,19787.07,0,NA
default,NATR,RB,wetland_rearing,ha,11486.29,0,NA
default,NATR,RB,rearing_stream,km,3316.82,0,NA
default,NATR,RB,rearing_lake_centerline,km,0,0,NA
default,NATR,RB,rearing_wetland_centerline,km,0,0,NA
default,HORS,BT,spawning,km,289.34,285.4,1.38
default,HORS,BT,rearing,km,492.37,646.92,-23.89
default,HORS,BT,lake_rearing,ha,9166.12,9264.81,-1.07
default,HORS,BT,wetland_rearing,ha,1228.27,1280.05,-4.05
default,HORS,BT,rearing_stream,km,414.54,396,4.68
default,HORS,BT,rearing_lake_centerline,km,0,0,NA
default,HORS,BT,rearing_wetland_centerline,km,0,0,NA
default,HORS,CH,spawning,km,181.83,170.81,6.45
default,HORS,CH,rearing,km,323.09,254.75,26.83
default,HORS,CH,lake_rearing,ha,8034.26,0,NA
default,HORS,CH,wetland_rearing,ha,1158.95,0,NA
default,HORS,CH,rearing_stream,km,245.96,178.8,37.56
default,HORS,CH,rearing_lake_centerline,km,0,0,NA
default,HORS,CH,rearing_wetland_centerline,km,0,0,NA
default,HORS,CO,spawning,km,278.5,257.13,8.31
default,HORS,CO,rearing,km,380.65,373.82,1.83
default,HORS,CO,lake_rearing,ha,9025.86,0.85,1061765.88
default,HORS,CO,wetland_rearing,ha,1177.82,1473.43,-20.06
default,HORS,CO,rearing_stream,km,304.1,297.58,2.19
default,HORS,CO,rearing_lake_centerline,km,0,0,NA
default,HORS,CO,rearing_wetland_centerline,km,0,0,NA
default,HORS,SK,spawning,km,44.38,NA,NA
default,HORS,SK,rearing,km,189.46,NA,NA
default,HORS,SK,lake_rearing,ha,7906.01,0,NA
default,HORS,SK,wetland_rearing,ha,0,0,NA
default,HORS,SK,rearing_stream,km,0,NA,NA
default,HORS,SK,rearing_lake_centerline,km,0,NA,NA
default,HORS,SK,rearing_wetland_centerline,km,0,NA,NA
default,HORS,RB,spawning,km,287.9,0,NA
default,HORS,RB,rearing,km,514.96,0,NA
default,HORS,RB,lake_rearing,ha,9166.12,0,NA
default,HORS,RB,wetland_rearing,ha,1228.27,0,NA
default,HORS,RB,rearing_stream,km,438.59,0,NA
default,HORS,RB,rearing_lake_centerline,km,0,0,NA
default,HORS,RB,rearing_wetland_centerline,km,0,0,NA
default,LFRA,BT,spawning,km,1267.08,1275.6,-0.67
default,LFRA,BT,rearing,km,1548.58,1800.4,-13.99
default,LFRA,BT,lake_rearing,ha,14924.89,15169.62,-1.61
default,LFRA,BT,wetland_rearing,ha,3382.27,3387.78,-0.16
default,LFRA,BT,rearing_stream,km,1085.68,1103.05,-1.57
default,LFRA,BT,rearing_lake_centerline,km,0,0,NA
default,LFRA,BT,rearing_wetland_centerline,km,0,0,NA
default,LFRA,CH,spawning,km,826.72,818.01,1.06
default,LFRA,CH,rearing,km,1254.51,1176.05,6.67
default,LFRA,CH,lake_rearing,ha,14445.6,0,NA
default,LFRA,CH,wetland_rearing,ha,3381,0,NA
default,LFRA,CH,rearing_stream,km,818.14,745.81,9.7
default,LFRA,CH,rearing_lake_centerline,km,0,0,NA
default,LFRA,CH,rearing_wetland_centerline,km,0,0,NA
default,LFRA,CM,spawning,km,1173.19,1147.72,2.22
default,LFRA,CM,rearing,km,0,0,NA
default,LFRA,CM,lake_rearing,ha,0,0,NA
default,LFRA,CM,wetland_rearing,ha,0,0,NA
default,LFRA,CM,rearing_stream,km,0,0,NA
default,LFRA,CM,rearing_lake_centerline,km,0,0,NA
default,LFRA,CM,rearing_wetland_centerline,km,0,0,NA
default,LFRA,CO,spawning,km,1222.74,1152.04,6.14
default,LFRA,CO,rearing,km,1325.73,1283.17,3.32
default,LFRA,CO,lake_rearing,ha,14654.39,0,NA
default,LFRA,CO,wetland_rearing,ha,3385.21,3345.06,1.2
default,LFRA,CO,rearing_stream,km,889.36,851.94,4.39
default,LFRA,CO,rearing_lake_centerline,km,0,0,NA
default,LFRA,CO,rearing_wetland_centerline,km,0,0,NA
default,LFRA,PK,spawning,km,1165.81,1147.72,1.58
default,LFRA,PK,rearing,km,0,0,NA
default,LFRA,PK,lake_rearing,ha,0,0,NA
default,LFRA,PK,wetland_rearing,ha,0,0,NA
default,LFRA,PK,rearing_stream,km,0,0,NA
default,LFRA,PK,rearing_lake_centerline,km,0,0,NA
default,LFRA,PK,rearing_wetland_centerline,km,0,0,NA
default,LFRA,SK,spawning,km,84.45,82.88,1.89
default,LFRA,SK,rearing,km,349.84,311.08,12.46
default,LFRA,SK,lake_rearing,ha,14326.87,12737.74,12.48
default,LFRA,SK,wetland_rearing,ha,0,0,NA
default,LFRA,SK,rearing_stream,km,0,0,NA
default,LFRA,SK,rearing_lake_centerline,km,0,0,NA
default,LFRA,SK,rearing_wetland_centerline,km,0,0,NA
default,LFRA,ST,spawning,km,849.58,825.7,2.89
default,LFRA,ST,rearing,km,1379,1292.87,6.66
default,LFRA,ST,lake_rearing,ha,14445.6,0,NA
default,LFRA,ST,wetland_rearing,ha,3382.27,2496.48,35.48
default,LFRA,ST,rearing_stream,km,929.02,855.85,8.55
default,LFRA,ST,rearing_lake_centerline,km,0,0,NA
default,LFRA,ST,rearing_wetland_centerline,km,0,0,NA
default,LFRA,RB,spawning,km,1108.17,0,NA
default,LFRA,RB,rearing,km,1325.07,0,NA
default,LFRA,RB,lake_rearing,ha,8831.03,0,NA
default,LFRA,RB,wetland_rearing,ha,3068.1,0,NA
default,LFRA,RB,rearing_stream,km,940.21,0,NA
default,LFRA,RB,rearing_lake_centerline,km,0,0,NA
default,LFRA,RB,rearing_wetland_centerline,km,0,0,NA
default,VICT,CH,spawning,km,59.12,52.23,13.19
default,VICT,CH,rearing,km,111.26,98.93,12.46
default,VICT,CH,lake_rearing,ha,719.53,0,NA
default,VICT,CH,wetland_rearing,ha,72.64,0,NA
default,VICT,CH,rearing_stream,km,110.42,98.1,12.56
default,VICT,CH,rearing_lake_centerline,km,0,0,NA
default,VICT,CH,rearing_wetland_centerline,km,0,0,NA
default,VICT,CM,spawning,km,131.18,117.91,11.25
default,VICT,CM,rearing,km,0,0,NA
default,VICT,CM,lake_rearing,ha,0,0,NA
default,VICT,CM,wetland_rearing,ha,0,0,NA
default,VICT,CM,rearing_stream,km,0,0,NA
default,VICT,CM,rearing_lake_centerline,km,0,0,NA
default,VICT,CM,rearing_wetland_centerline,km,0,0,NA
default,VICT,CO,spawning,km,131.01,117.62,11.38
default,VICT,CO,rearing,km,142.14,130.58,8.85
default,VICT,CO,lake_rearing,ha,876.56,0,NA
default,VICT,CO,wetland_rearing,ha,74.48,78.88,-5.58
default,VICT,CO,rearing_stream,km,141.31,129.11,9.45
default,VICT,CO,rearing_lake_centerline,km,0,0,NA
default,VICT,CO,rearing_wetland_centerline,km,0,0,NA
default,VICT,ST,spawning,km,62.86,56.15,11.95
default,VICT,ST,rearing,km,130.11,115.41,12.74
default,VICT,ST,lake_rearing,ha,927.98,0,NA
default,VICT,ST,wetland_rearing,ha,76.41,0,NA
default,VICT,ST,rearing_stream,km,129.27,113.93,13.46
default,VICT,ST,rearing_lake_centerline,km,0,0,NA
default,VICT,ST,rearing_wetland_centerline,km,0,0,NA
default,VICT,RB,spawning,km,135.44,0,NA
default,VICT,RB,rearing,km,175.99,0,NA
default,VICT,RB,lake_rearing,ha,997.47,0,NA
default,VICT,RB,wetland_rearing,ha,78.48,0,NA
default,VICT,RB,rearing_stream,km,175.16,0,NA
default,VICT,RB,rearing_lake_centerline,km,0,0,NA
default,VICT,RB,rearing_wetland_centerline,km,0,0,NA
default,LILL,BT,spawning,km,664.89,667.75,-0.43
default,LILL,BT,rearing,km,888.26,953.99,-6.89
default,LILL,BT,lake_rearing,ha,4631.48,4666.93,-0.76
default,LILL,BT,wetland_rearing,ha,1296.28,1230.39,5.36
default,LILL,BT,rearing_stream,km,486.86,475.01,2.49
default,LILL,BT,rearing_lake_centerline,km,0,0,NA
default,LILL,BT,rearing_wetland_centerline,km,0,0,NA
default,LILL,CH,spawning,km,464.28,455.79,1.86
default,LILL,CH,rearing,km,549.47,519.7,5.73
default,LILL,CH,lake_rearing,ha,4217.48,0,NA
default,LILL,CH,wetland_rearing,ha,800.96,0,NA
default,LILL,CH,rearing_stream,km,213.61,185.89,14.91
default,LILL,CH,rearing_lake_centerline,km,0,0,NA
default,LILL,CH,rearing_wetland_centerline,km,0,0,NA
default,LILL,CM,spawning,km,527.8,531.13,-0.63
default,LILL,CM,rearing,km,0,0,NA
default,LILL,CM,lake_rearing,ha,0,0,NA
default,LILL,CM,wetland_rearing,ha,0,0,NA
default,LILL,CM,rearing_stream,km,0,0,NA
default,LILL,CM,rearing_lake_centerline,km,0,0,NA
default,LILL,CM,rearing_wetland_centerline,km,0,0,NA
default,LILL,CO,spawning,km,548.63,515.14,6.5
default,LILL,CO,rearing,km,555,550.65,0.79
default,LILL,CO,lake_rearing,ha,4325.7,0,NA
default,LILL,CO,wetland_rearing,ha,801.76,724.3,10.69
default,LILL,CO,rearing_stream,km,219.07,216.79,1.05
default,LILL,CO,rearing_lake_centerline,km,0,0,NA
default,LILL,CO,rearing_wetland_centerline,km,0,0,NA
default,LILL,SK,spawning,km,96.22,72.76,32.24
default,LILL,SK,rearing,km,96.97,98.43,-1.48
default,LILL,SK,lake_rearing,ha,4217.48,4217.48,0
default,LILL,SK,wetland_rearing,ha,0,0,NA
default,LILL,SK,rearing_stream,km,0,0,NA
default,LILL,SK,rearing_lake_centerline,km,0,0,NA
default,LILL,SK,rearing_wetland_centerline,km,0,0,NA
default,LILL,ST,spawning,km,480.95,480.8,0.03
default,LILL,ST,rearing,km,661.28,646.7,2.25
default,LILL,ST,lake_rearing,ha,4282.76,0,NA
default,LILL,ST,wetland_rearing,ha,800.96,561.67,42.6
default,LILL,ST,rearing_stream,km,311.69,299.4,4.1
default,LILL,ST,rearing_lake_centerline,km,0,0,NA
default,LILL,ST,rearing_wetland_centerline,km,0,0,NA
default,LILL,RB,spawning,km,537.39,0,NA
default,LILL,RB,rearing,km,675.36,0,NA
default,LILL,RB,lake_rearing,ha,4262.37,0,NA
default,LILL,RB,wetland_rearing,ha,658.91,0,NA
default,LILL,RB,rearing_stream,km,345.44,0,NA
default,LILL,RB,rearing_lake_centerline,km,0,0,NA
default,LILL,RB,rearing_wetland_centerline,km,0,0,NA
default,HARR,BT,spawning,km,459.63,466.1,-1.39
default,HARR,BT,rearing,km,570.06,820.33,-30.51
default,HARR,BT,lake_rearing,ha,23631.72,23680.98,-0.21
default,HARR,BT,wetland_rearing,ha,148.11,150.96,-1.89
default,HARR,BT,rearing_stream,km,315,325.89,-3.34
default,HARR,BT,rearing_lake_centerline,km,0,0,NA
default,HARR,BT,rearing_wetland_centerline,km,0,0,NA
default,HARR,CH,spawning,km,329.59,327.7,0.58
default,HARR,CH,rearing,km,385.82,377.33,2.25
default,HARR,CH,lake_rearing,ha,22893.01,0,NA
default,HARR,CH,wetland_rearing,ha,142.85,0,NA
default,HARR,CH,rearing_stream,km,146.72,138.55,5.9
default,HARR,CH,rearing_lake_centerline,km,0,0,NA
default,HARR,CH,rearing_wetland_centerline,km,0,0,NA
default,HARR,CM,spawning,km,399.2,389.89,2.39
default,HARR,CM,rearing,km,0,0,NA
default,HARR,CM,lake_rearing,ha,0,0,NA
default,HARR,CM,wetland_rearing,ha,0,0,NA
default,HARR,CM,rearing_stream,km,0,0,NA
default,HARR,CM,rearing_lake_centerline,km,0,0,NA
default,HARR,CM,rearing_wetland_centerline,km,0,0,NA
default,HARR,CO,spawning,km,386.55,379.9,1.75
default,HARR,CO,rearing,km,398.13,393.5,1.18
default,HARR,CO,lake_rearing,ha,23034.82,0,NA
default,HARR,CO,wetland_rearing,ha,144.47,144.57,-0.07
default,HARR,CO,rearing_stream,km,159.03,154.67,2.82
default,HARR,CO,rearing_lake_centerline,km,0,0,NA
default,HARR,CO,rearing_wetland_centerline,km,0,0,NA
default,HARR,PK,spawning,km,391.51,389.89,0.42
default,HARR,PK,rearing,km,0,0,NA
default,HARR,PK,lake_rearing,ha,0,0,NA
default,HARR,PK,wetland_rearing,ha,0,0,NA
default,HARR,PK,rearing_stream,km,0,0,NA
default,HARR,PK,rearing_lake_centerline,km,0,0,NA
default,HARR,PK,rearing_wetland_centerline,km,0,0,NA
default,HARR,SK,spawning,km,23.93,23.43,2.13
default,HARR,SK,rearing,km,546.1,546.1,0
default,HARR,SK,lake_rearing,ha,22893.01,22893.01,0
default,HARR,SK,wetland_rearing,ha,0,0,NA
default,HARR,SK,rearing_stream,km,0,0,NA
default,HARR,SK,rearing_lake_centerline,km,0,0,NA
default,HARR,SK,rearing_wetland_centerline,km,0,0,NA
default,HARR,ST,spawning,km,336.07,335.64,0.13
default,HARR,ST,rearing,km,430.22,421.5,2.07
default,HARR,ST,lake_rearing,ha,22970.62,0,NA
default,HARR,ST,wetland_rearing,ha,142.85,42.1,239.31
default,HARR,ST,rearing_stream,km,185.73,177.28,4.77
default,HARR,ST,rearing_lake_centerline,km,0,0,NA
default,HARR,ST,rearing_wetland_centerline,km,0,0,NA
default,HARR,RB,spawning,km,405.71,0,NA
default,HARR,RB,rearing,km,480.66,0,NA
default,HARR,RB,lake_rearing,ha,23057.88,0,NA
default,HARR,RB,wetland_rearing,ha,142.85,0,NA
default,HARR,RB,rearing_stream,km,236.17,0,NA
default,HARR,RB,rearing_lake_centerline,km,0,0,NA
default,HARR,RB,rearing_wetland_centerline,km,0,0,NA
